"page","file","alt","width","height","loading","bytes"
"/birds","cardellina-logo-r-ouLe0QMSi7BFi1G9-thumb.webp","","52","52","","15616"
"/birds/horned-guan","cardellina-logo-r-ouLe0QMSi7BFi1G9-thumb.webp","","52","52","","15616"
"/birds/horned-guan","dsc01506-edit-gmwe9PWpByoJSYdo-full.webp","Horned Guan (Oreophasis derbianus) perched on a lichen-dense tree, Tacana Volcano, Chiapas, Mexico","1600","930","","152962"
"/birds/pink-headed-warbler","cardellina-logo-r-ouLe0QMSi7BFi1G9-thumb.webp","","52","52","","15616"
"/birds/pink-headed-warbler","pink-headed-warbler-Y4LDbp8VMLCx8rRX-full.webp","Pink-headed Warbler (Cardellina versicolor) perched in cloud forest, Chiapas, Mexico","1140","760","","108696"
"/birds/resplendent-quetzal","cardellina-logo-r-ouLe0QMSi7BFi1G9-thumb.webp","","52","52","","15616"
"/birds/rose-bellied-bunting","cardellina-logo-r-ouLe0QMSi7BFi1G9-thumb.webp","","52","52","","15616"
"/birds/rose-bellied-bunting","5a00c77407956732f80e74b002410be9-mk3qQ8RrkvuyPp7o-full.webp","Male Rose-bellied Bunting (Passerina rositae), Isthmus of Tehuantepec, Oaxaca, Mexico","735","490","","29574"
"/contact","cardellina-logo-r-ouLe0QMSi7BFi1G9-thumb.webp","","52","52","","15616"
"/guides","cardellina-logo-r-ouLe0QMSi7BFi1G9-thumb.webp","","52","52","","15616"
"/guides","gabriel-hernandez-portrait.webp","Gabriel Hernández, Chiapas bird guide","720","900","lazy","122054"
"/guides","andrea-quintero-portrait.webp","Andrea Quintero, Chiapas bird guide","720","900","lazy","85998"
"/guides","valente-guiding-photo-YBgb3LeK7nUXWJr2-full.webp","Valente González, Chiapas bird guide","597","717","","59408"
"/guides","ben-guide-photo-Awv4vr7rLzfqJD6j-full.webp","Ben Simmons, Chiapas bird guide","1600","1065","","95258"
"/guides","dsc01506-edit-gmwe9PWpByoJSYdo-md.webp","Cloud forest on Tacaná Volcano","800","465","lazy","51774"
"/","cardellina-logo-r-ouLe0QMSi7BFi1G9-thumb.webp","","52","52","","15616"
"/","rose-bellied-bunting-m2Wa32VjWETn9NkA-card.webp","Rose-bellied Bunting","800","600","lazy","19654"
"/","horned-guan-mv02ExGWQJC0k2xv-card.webp","Horned Guan","800","600","lazy","59908"
"/","resplendent-quetzal-mnlW0616OoTEDEj3-card.webp","Resplendent Quetzal","800","600","lazy","79428"
"/","belted-flycatcher-great-photo-iZzV6wprekrFaMzq-thumb.webp","Belted Flycatcher","420","420","lazy","13326"
"/","screech-owl-dOq8VPoBxgFQDKM9-thumb.webp","Bearded Screech-Owl","420","420","lazy","15634"
"/","pink-headed-warbler-1-aLtT3eAXkiqtjRWh-thumb.webp","Pink-headed Warbler","420","420","lazy","18388"
"/","wine-throated-hummingbird-1KaFhnbxIE9aAt0U-thumb.webp","Wine-throated Hummingbird","420","420","lazy","7316"
"/","agami-heron-CwzZQHYqe6AfiDTq-thumb.webp","Agami Heron","420","420","lazy","18124"
"/","ornate-hawk-eagle-mP4OGNwpvehoNJQq-thumb.webp","Ornate Hawk-Eagle","420","420","lazy","30870"
"/","black-crested-coquette-FVDJjG0PhzhViTMQ-thumb.webp","Black-crested Coquette","420","420","lazy","9300"
"/","banded-wren-YanqLvXMD1UNgz3v-thumb.webp","Banded Wren","420","420","lazy","21152"
"/","long-tailed-manakin-photo_-jaime-pa-c-rez-AoPWPGpV7yI0kkl5-thumb.webp","Long-tailed Manakin","420","420","lazy","13632"
"/","ben-guide-photo-Awv4vr7rLzfqJD6j-portrait.webp","Ben Simmons","720","900","lazy","48612"
"/","valente-explaining-portrait.webp","Valente González","365","356","lazy","54860"
"/","dsc01506-edit-gmwe9PWpByoJSYdo-md.webp","Cloud forest on Tacaná Volcano","800","465","lazy","51774"
"/","cardellina-logo-r-ouLe0QMSi7BFi1G9-thumb.webp","The Cardellina Birding Tours logo: three Cardellina warblers","420","420","lazy","15616"
"/","customer-birding-with-sabes-aves-and-valente-A85E1ZjQr2IV3DBy-full.webp","Valente watching a guest get onto a bird in the highlands","1600","1066","lazy","105778"
"/partners","cardellina-logo-r-ouLe0QMSi7BFi1G9-thumb.webp","","52","52","","15616"
"/partners","sergio-guiding-5RYqe2csqZF2rGx3-full.webp","Sergio Gómez Villaverde guiding","802","545","lazy","33528"
"/partners","oatl-logo-S1RPBoJAo9FcNlXk-md.webp","OATL logo","640","640","lazy","11570"
"/partners","silvano-guiding-OA0YRiZbZC3lStwz-full.webp","Silvano guiding on the Usumacinta at Yaxchilán","1288","933","lazy","184382"
"/partners","siyaj-chan-logo-xnkC7HfdiToY6kqz-md.webp","Siyaj Chan logo","173","172","lazy","9476"
"/plan","cardellina-logo-r-ouLe0QMSi7BFi1G9-thumb.webp","","52","52","","15616"
"/plan","customer-birding-with-sabes-aves-and-valente-A85E1ZjQr2IV3DBy-card.webp","A guest birding with one of our guides","800","600","lazy","42328"
"/plan","tacana-photo-YbNB1ybokJuXrOor-card.webp","The Tacaná volcano above cloud forest","800","600","lazy","55424"
"/privacy-policy","cardellina-logo-r-ouLe0QMSi7BFi1G9-thumb.webp","","52","52","","15616"
"/trip-reports","cardellina-logo-r-ouLe0QMSi7BFi1G9-thumb.webp","","52","52","","15616"
"/trip-reports","horned-guan-mv02ExGWQJC0k2xv-card.webp","Horned Guan in cloud forest on Tacaná","800","600","lazy","59908"
"/trip-reports","catazaja-lakes-Awv4ne3GZ1fqoKl7-card.webp","The Catazajá lakes at dusk","800","600","lazy","68632"
"/trip-reports","pink-headed-warbler-Y4LDbp8VMLCx8rRX-card.webp","Pink-headed Warbler in cloud forest","800","600","lazy","46972"
"/trip-reports","turquoise-browed-motmot-Aq2WEx31G4floEx0-card.webp","Turquoise-browed Motmot","800","600","lazy","45690"
"/trip-reports","resplendent-quetzal-mnlW0616OoTEDEj3-card.webp","Resplendent Quetzal at Montebello","800","600","lazy","79428"
"/trip-reports/northern-swamps","cardellina-logo-r-ouLe0QMSi7BFi1G9-thumb.webp","","52","52","","15616"
"/trip-reports/northern-swamps","catazaja-lakes-Awv4ne3GZ1fqoKl7-card.webp","The Catazajá lakes at dusk","800","600","","68632"
"/trip-reports/palenque-and-catazaja","cardellina-logo-r-ouLe0QMSi7BFi1G9-thumb.webp","","52","52","","15616"
"/trip-reports/palenque-and-catazaja","turquoise-browed-motmot-Aq2WEx31G4floEx0-card.webp","Turquoise-browed Motmot","800","600","","45690"
"/trip-reports/palenque-and-catazaja","turquoise-browed-motmot-Aq2WEx31G4floEx0-md.webp","Turquoise-browed Motmot found by Chiapas birding guide Benedict Simmons","800","600","","45690"
"/trip-reports/palenque-and-catazaja","rose-throated-becarad-A1aPGVEonbhDZBaW-md.webp","A Rose-throated Becard next to a nest at the Catazaja Lakes","800","600","","58060"
"/trip-reports/palenque-and-catazaja","catazaja-lakes-Awv4ne3GZ1fqoKl7-md.webp","A view over a major lake in Catazaja","800","601","","77436"
"/trip-reports/palenque-and-catazaja","dickcissel-A85eP7WqLbFD2BKv-md.webp","Migratory birds Dickcissel feeding in wheat fields on Sabes Aves birding trip to Palenque","800","602","","66534"
"/trip-reports/san-cristobal-full-day","cardellina-logo-r-ouLe0QMSi7BFi1G9-thumb.webp","","52","52","","15616"
"/trip-reports/san-cristobal-full-day","pink-headed-warbler-Y4LDbp8VMLCx8rRX-card.webp","Pink-headed Warbler in cloud forest","800","600","","46972"
"/trip-reports/san-cristobal-full-day","pink-headed-warbler-Y4LDbp8VMLCx8rRX-md.webp","Pink-headed Warbler in cloud forest","800","533","","38124"
"/trip-reports/san-cristobal-to-montebello","cardellina-logo-r-ouLe0QMSi7BFi1G9-thumb.webp","","52","52","","15616"
"/trip-reports/san-cristobal-to-montebello","resplendent-quetzal-mnlW0616OoTEDEj3-card.webp","Resplendent Quetzal at Montebello","800","600","","79428"
"/trip-reports/tacana-volcano","cardellina-logo-r-ouLe0QMSi7BFi1G9-thumb.webp","","52","52","","15616"
"/trip-reports/tacana-volcano","horned-guan-mv02ExGWQJC0k2xv-card.webp","Horned Guan in cloud forest on Tacaná","800","600","","59908"
"/trips","cardellina-logo-r-ouLe0QMSi7BFi1G9-thumb.webp","","52","52","","15616"
"/trips","sabes_aves_pink-headed_warbler-A0xjy2JlD8TLpRLX-card.webp","San Cristóbal de las Casas","800","600","lazy","38378"
"/trips","palenq-Yle4qa7Q10t5Q9gk-card.webp","Palenque","800","600","lazy","55588"
"/trips","sabes_aves_canon_del_sumidero-mePJl0M91pTLG4Ja-card.webp","Sumidero Canyon","800","600","lazy","56492"
"/trips","tenam-puente-m6Ljg0VxNXhzeewd-card.webp","Comitán","800","600","lazy","86104"
"/trips","resplendent-quetzal-mnlW0616OoTEDEj3-card.webp","Resplendent Quetzal","800","600","lazy","79428"
"/trips","5a00c77407956732f80e74b002410be9-mk3qQ8RrkvuyPp7o-card.webp","La Sepultura","800","600","lazy","29574"
"/trips","belted-flycatcher-great-photo-iZzV6wprekrFaMzq-card.webp","Belted Flycatcher","800","600","lazy","29936"
"/trips","horned-guan-mv02ExGWQJC0k2xv-card.webp","Horned Guan","800","600","lazy","59908"
"/trips","keel-billed-toucan-N3wJ3xiANHuwBTFC-card.webp","Keel-billed Toucan","800","600","lazy","48834"
"/trips","rose-bellied-bunting-m2Wa32VjWETn9NkA-card.webp","Rose Bellied Bunting","800","600","lazy","19654"
"/trips/chiapas-highlights","cardellina-logo-r-ouLe0QMSi7BFi1G9-thumb.webp","","52","52","","15616"
"/trips/chiapas-highlights","belted-flycatcher-great-photo-iZzV6wprekrFaMzq-card.webp","Belted Flycatcher","800","600","","29936"
"/trips/chiapas-highlights","mountain-trogon-2-SLizb4Wf8opo6wqS-thumb.webp","Mountain Trogon","420","420","lazy","20414"
"/trips/chiapas-highlights","pink-headed-warbler-2-PKTVisrKq3xo673F-thumb.webp","Pink-headed Warbler","420","420","lazy","19648"
"/trips/chiapas-highlights","crested-guan-2-IwURyHPiaRvtUSCZ-thumb.webp","Crested Guan","420","420","lazy","16194"
"/trips/chiapas-highlights","rose-bellied-bunting-m2Wa32VjWETn9NkA-thumb.webp","Rose-bellied Bunting","420","420","lazy","7862"
"/trips/chiapas-highlights","unicolored-jay-s7sJYdXMbsQy4iJO-thumb.webp","Unicolored Jay","420","420","lazy","26782"
"/trips/chiapas-highlights","sabes_aves_blue-throated_motmot-NFfUHZuU255VnhZE-thumb.webp","Blue-throated Motmot","420","420","lazy","24224"
"/trips/chiapas-highlights","slender-sheartail-qMw7TVBhS9Q1882N-thumb.webp","Slender Sheartail","420","420","lazy","15898"
"/trips/chiapas-highlights","bearded-screech-owl-B5Fngu1MgWbNIBDY-thumb.webp","Bearded Screech-Owl","420","420","lazy","21984"
"/trips/chiapas-highlights","collared-aracari-photo_-jaime-pa-c-rez-AMq1q4LoPbF5nQvP-thumb.webp","Collared Aracari","420","420","lazy","31038"
"/trips/chiapas-highlights","keel-billed-toucan-N3wJ3xiANHuwBTFC-thumb.webp","Keel-billed Toucan","420","420","lazy","17736"
"/trips/chiapas-highlights","ornate-hawk-eagle-mP4OGNwpvehoNJQq-thumb.webp","Ornate Hawk-Eagle","420","420","lazy","30870"
"/trips/chiapas-highlights","rufous-browed-wren-3phBg9ChWPaz4qiV-thumb.webp","Rufous-browed Wren","420","420","lazy","18204"
"/trips/chiapas-highlights","black-capped-swallow-vYDUGfI4yq2m07pL-thumb.webp","Black-capped Swallow","420","420","lazy","5908"
"/trips/chiapas-highlights","orange-breasted-bunting-sergio-thumb.webp","Orange-breasted Bunting","420","420","lazy","13778"
"/trips/chiapas-highlights","citreoline-trogon-sergio-thumb.webp","Citreoline Trogon","420","420","lazy","18942"
"/trips/chiapas-highlights","cinnamon-tailed-sparrow-sergio-thumb.webp","Cinnamon-tailed Sparrow","420","420","lazy","25250"
"/trips/chiapas-highlights","navas-wren-sergio-thumb.webp","Nava","420","420","lazy","21154"
"/trips/comitan","cardellina-logo-r-ouLe0QMSi7BFi1G9-thumb.webp","","52","52","","15616"
"/trips/comitan","tenam-puente-m6Ljg0VxNXhzeewd-full.webp","Comitán","567","850","","136652"
"/trips/comitan","saves_aves_slender_sheartail-mk3JZ2XwRgceMJ7G-thumb.webp","Slender Sheartail","420","420","lazy","9800"
"/trips/comitan","saves_aves_belted_flyctacher-yle4qopkavupwgkq_le_upscale_prime_light_ai_30-W0ccOL9OyvD1PW60-thumb.webp","Belted Flycatcher","420","420","lazy","11176"
"/trips/comitan","yellow-grosbeak-EBPvotaS7J1A3VuE-thumb.webp","Yellow Grosbeak","420","420","lazy","20696"
"/trips/comitan","green-jay-YyvZrOK740uXWDkj-thumb.webp","Green Jay","420","420","lazy","27968"
"/trips/comitan","tenam-puente-m6Ljg0VxNXhzeewd-thumb.webp","Tenam Puente ruins","420","420","lazy","43240"
"/trips/comitan","lesser-roadrunner-sergio-thumb.webp","Lesser Roadrunner","420","420","lazy","26726"
"/trips/comitan","blue-and-white-mockingbird-2-XpFHUZKbXKFSe1oj-thumb.webp","Blue-and-white Mockingbird","420","420","lazy","25024"
"/trips/comitan","white-tailed-kite-UDrixPz9z9AO6Ugu-thumb.webp","White-tailed Kite","420","420","lazy","3500"
"/trips/full-endemics","cardellina-logo-r-ouLe0QMSi7BFi1G9-thumb.webp","","52","52","","15616"
"/trips/full-endemics","rose-bellied-bunting-m2Wa32VjWETn9NkA-card.webp","Rose Bellied Bunting","800","600","","19654"
"/trips/full-endemics","pink-headed-warbler-1-aLtT3eAXkiqtjRWh-thumb.webp","Pink-headed Warbler","420","420","lazy","18388"
"/trips/full-endemics","mountain-trogon-M4lDamBkHGnFnPex-thumb.webp","Mountain Trogon","420","420","lazy","13532"
"/trips/full-endemics","red-faced-warbler-sergio-thumb.webp","Red-faced Warbler","420","420","lazy","17110"
"/trips/full-endemics","rivolis-hummingbird-sergio-thumb.webp","Rivoli","420","420","lazy","7604"
"/trips/full-endemics","golden-cheeked-warbler-sergio-thumb.webp","Golden-cheeked Warbler","420","420","lazy","13100"
"/trips/full-endemics","green-throated-mountain-gem-2-AfkqjWFIZA8j6CIi-thumb.webp","Green-throated Mountaingem","420","420","lazy","17910"
"/trips/full-endemics","flame-colored-tanager-sergio-thumb.webp","Flame-colored Tanager","420","420","lazy","21116"
"/trips/full-endemics","white-tailed-kite-2-Rpm2S7mudryHaM0P-thumb.webp","White-tailed Kite","420","420","lazy","3118"
"/trips/full-endemics","agami-heron-CwzZQHYqe6AfiDTq-thumb.webp","Agami Heron","420","420","lazy","18124"
"/trips/full-endemics","azure-hooded-jay-w6Bqp2psIEeDOfzQ-thumb.webp","Azure-hooded Jay","420","420","lazy","18708"
"/trips/full-endemics","crested-guan-CKPoAxdUhmbgjmxZ-thumb.webp","Crested Guan","420","420","lazy","22018"
"/trips/full-endemics","black-collared-hawk-oFYKYtW5m1pBiNws-thumb.webp","Black-collared Hawk","420","420","lazy","28578"
"/trips/full-endemics","screech-owl-dOq8VPoBxgFQDKM9-thumb.webp","Bearded Screech-Owl","420","420","lazy","15634"
"/trips/full-endemics","collared-aracari-2-LXlUuKMlNxIaN8DU-thumb.webp","Collared Aracari","420","420","lazy","11586"
"/trips/full-endemics","lesson-s-motmot-uLlfoaLMwwDd96FJ-thumb.webp","Lesson","420","420","lazy","18032"
"/trips/full-endemics","stub-tailed-spadebill-pyQ7sCdb07PFlsDi-thumb.webp","Stub-tailed Spadebill","420","420","lazy","9534"
"/trips/full-endemics","tropical-royal-flycatcher-2-MBjoqrsHyfL3xJAi-thumb.webp","Royal Flycatcher","420","420","lazy","18478"
"/trips/full-endemics","navas-wren-sergio-2-thumb.webp","Nava","420","420","lazy","17874"
"/trips/full-endemics","rose-bellied-bunting-sergio-thumb.webp","Rose-bellied Bunting","420","420","lazy","9292"
"/trips/la-sepultura","cardellina-logo-r-ouLe0QMSi7BFi1G9-thumb.webp","","52","52","","15616"
"/trips/la-sepultura","5a00c77407956732f80e74b002410be9-mk3qQ8RrkvuyPp7o-full.webp","La Sepultura","735","490","","29574"
"/trips/la-sepultura","5a00c77407956732f80e74b002410be9-mk3qQ8RrkvuyPp7o-thumb.webp","Rose-bellied Bunting","420","420","lazy","14074"
"/trips/la-sepultura","orange-breasted-bunting-sergio-thumb.webp","Orange-breasted Bunting","420","420","lazy","13778"
"/trips/la-sepultura","citreoline-trogon-sergio-thumb.webp","Citreoline Trogon","420","420","lazy","18942"
"/trips/la-sepultura","green-fronted-hummingbird-sergio-thumb.webp","Green-fronted Hummingbird","420","420","lazy","13594"
"/trips/la-sepultura","cinnamon-tailed-sparrow-sergio-thumb.webp","Cinnamon-tailed Sparrow","420","420","lazy","25250"
"/trips/la-sepultura","long-tailed-manakin-photo_-jaime-pa-c-rez-AoPWPGpV7yI0kkl5-thumb.webp","Long-tailed Manakin","420","420","lazy","13632"
"/trips/lowland-jungles","cardellina-logo-r-ouLe0QMSi7BFi1G9-thumb.webp","","52","52","","15616"
"/trips/lowland-jungles","keel-billed-toucan-N3wJ3xiANHuwBTFC-card.webp","Keel-billed Toucan","800","600","","48834"
"/trips/lowland-jungles","keel-billed-toucan-N3wJ3xiANHuwBTFC-thumb.webp","Keel-billed Toucan","420","420","lazy","17736"
"/trips/lowland-jungles","ornate-hawk-eagle-mP4OGNwpvehoNJQq-thumb.webp","Ornate Hawk-Eagle","420","420","lazy","30870"
"/trips/lowland-jungles","lovely-cotinga-kMeBqQD8MqFZoxbw-thumb.webp","Lovely Cotinga","420","420","lazy","9834"
"/trips/lowland-jungles","scarlet-macaw-VuZUDrvypQ0vU3dv-thumb.webp","Scarlet Macaw","420","420","lazy","19198"
"/trips/lowland-jungles","tropical-royal-flycatcher-1-anIw6HaxJjuJCPks-thumb.webp","Tropical Royal Flycatcher","420","420","lazy","14420"
"/trips/lowland-jungles","spizaetus-tyrannus-photo_-juan-pa-c-rez-reduced-A0xlxV8pqZf88PkK-thumb.webp","Black Hawk-Eagle","420","420","lazy","21958"
"/trips/montebello-lakes","cardellina-logo-r-ouLe0QMSi7BFi1G9-thumb.webp","","52","52","","15616"
"/trips/montebello-lakes","resplendent-quetzal-mnlW0616OoTEDEj3-full.webp","Resplendent Quetzal","1600","1600","","339956"
"/trips/montebello-lakes","resplendent-quetzal-mnlW0616OoTEDEj3-thumb.webp","Resplendent Quetzal","420","420","lazy","40894"
"/trips/montebello-lakes","slate-colored-solitaire-ED5x0xZ5NKF6Z27s-thumb.webp","Slate-colored Solitaire","420","420","lazy","16326"
"/trips/montebello-lakes","black-headed-nightingale-thrush-nTqJPgsmKfcxaxAu-thumb.webp","Black-headed Nightingale-Thrush","420","420","lazy","12266"
"/trips/montebello-lakes","green-throated-mountain-gem-1-BsIEUutE5zt2I5cS-thumb.webp","Green-throated Mountain-gem","420","420","lazy","6742"
"/trips/montebello-lakes","osprey-Y4LxML4DgKIOb7R0-thumb.webp","Osprey","420","420","lazy","8612"
"/trips/palenque","cardellina-logo-r-ouLe0QMSi7BFi1G9-thumb.webp","","52","52","","15616"
"/trips/palenque","palenq-Yle4qa7Q10t5Q9gk-full.webp","Palenque","960","638","","101314"
"/trips/palenque","white-necked-jacobin-AQEeDwNj9zFG7X57-thumb.webp","White-necked Jacobin","420","420","lazy","13290"
"/trips/palenque","white-necked-jacobin-female-Yan0qorZz9t99oea-thumb.webp","White-necked Jacobin (female)","420","420","lazy","15712"
"/trips/palenque","gartered-trogon-intense-Yg2qzJnl2RCoEXwK-thumb.webp","Gartered Trogon","420","420","lazy","10794"
"/trips/palenque","collared-aracari-photo_-jaime-pa-c-rez-AMq1q4LoPbF5nQvP-thumb.webp","Collared Aracari","420","420","lazy","31038"
"/trips/palenque","1759259147499-YNqMPaEaERHeMOG8-thumb.webp","Red-capped Manakin","420","420","lazy","12422"
"/trips/palenque","palenq-Yle4qa7Q10t5Q9gk-thumb.webp","Rainforest around the ruins","420","420","lazy","29314"
"/trips/palenque","1759259147357-Y4LPxjKeznsOKOKp-thumb.webp","Keel-billed Toucan","420","420","lazy","11256"
"/trips/palenque","black-headed-trogon-8fNX9TIpLIQYBb1q-thumb.webp","Black-headed Trogon","420","420","lazy","10554"
"/trips/san-cristobal","cardellina-logo-r-ouLe0QMSi7BFi1G9-thumb.webp","","52","52","","15616"
"/trips/san-cristobal","sabes_aves_pink-headed_warbler-A0xjy2JlD8TLpRLX-full.webp","San Cristóbal de las Casas","1600","964","","87930"
"/trips/san-cristobal","sabes_aves_pink-headed_warbler-A0xjy2JlD8TLpRLX-thumb.webp","Pink-headed Warbler","420","420","lazy","17948"
"/trips/san-cristobal","sabes_aves_wine-thorated_hummingbird-1-AoPJBzjDE8c8XVez-thumb.webp","Wine-throated Hummingbird","420","420","lazy","8708"
"/trips/san-cristobal","sabes_aves_blue-throated_motmot-NFfUHZuU255VnhZE-thumb.webp","Blue-throated Motmot","420","420","lazy","24224"
"/trips/san-cristobal","saves_aves_golden-cheeked_warbler-fO82HsR2CVu7j9hq-thumb.webp","Golden-cheeked Warbler","420","420","lazy","14464"
"/trips/san-cristobal","red-faced-warbler-m2Wa3zBX1PiLDJw9-thumb.webp","Red-faced Warbler","420","420","lazy","9920"
"/trips/san-cristobal","sabes_aves_rufous-browed_wren-ozWNJPc9Zns8f5zO-thumb.webp","Rufous-browed Wren","420","420","lazy","52678"
"/trips/san-cristobal","sabes_aves_basilina_leucotis-KRKtKHveZzcPOm7i-thumb.webp","White-eared Hummingbird","420","420","lazy","12626"
"/trips/san-cristobal","sabes_aves_rivolis_hummingbird-4K4YnfKdpJWaTbqo-thumb.webp","Rivoli","420","420","lazy","10676"
"/trips/san-cristobal","myioborus_miniatus-mv021oK5pNcWexMQ-thumb.webp","Slate-throated Redstart","420","420","lazy","14404"
"/trips/san-cristobal","rose-throated-becarad-A1aPGVEonbhDZBaW-thumb.webp","Rose-throated Becard","420","420","lazy","23398"
"/trips/san-cristobal","sabes_aves_rufous-collared_sparrow-GqOCJC9TabonSzXb-thumb.webp","Rufous-collared Sparrow","420","420","lazy","20188"
"/trips/san-cristobal","cloud-forest-birding-montetik-viewpoint-profile-m6L2jlGWKxSEPljw-thumb.webp","Cloud forest at the Montetik viewpoint","420","420","lazy","36370"
"/trips/sumidero-canyon","cardellina-logo-r-ouLe0QMSi7BFi1G9-thumb.webp","","52","52","","15616"
"/trips/sumidero-canyon","sabes_aves_canon_del_sumidero-mePJl0M91pTLG4Ja-full.webp","Sumidero Canyon","1600","1063","","248470"
"/trips/sumidero-canyon","sabes_aves_canon_del_sumidero-mePJl0M91pTLG4Ja-thumb.webp","Sumidero Canyon","420","420","lazy","23802"
"/trips/sumidero-canyon","belted-flycatcher-great-photo-iZzV6wprekrFaMzq-thumb.webp","Belted Flycatcher","420","420","lazy","13326"
"/trips/sumidero-canyon","russet-crowned-motmot-AR0MD0JLlJi4JGXO-thumb.webp","Russet-crowned Motmot","420","420","lazy","13656"
"/trips/sumidero-canyon","banded-wren-YanqLvXMD1UNgz3v-thumb.webp","Banded Wren","420","420","lazy","21152"
"/trips/sumidero-canyon","blue-and-white-mockingbird-1-NCnEIapZ3vpQC2sm-thumb.webp","Blue-and-white Mockingbird","420","420","lazy","16762"
"/trips/sumidero-canyon","white-throated-magpie-jay-4ffUHK2dtXrFJStK-thumb.webp","White-throated Magpie-Jay","420","420","lazy","16190"
"/trips/sumidero-canyon","white-tipped-dove-mccoQMMMqHQh5lRi-thumb.webp","White-tipped Dove","420","420","lazy","19124"
"/trips/sumidero-canyon","townsend-s-warbler-4n0x0K8n4youCbQE-thumb.webp","Townsend","420","420","lazy","16564"
"/trips/sumidero-canyon","merlin-QepCw15OZpgUuZuE-thumb.webp","Merlin","420","420","lazy","8390"
"/trips/sumidero-canyon","gray-collared-becard-KpdJ5QKgEmAxvp3r-thumb.webp","Gray-collared Becard","420","420","lazy","15814"
"/trips/sumidero-canyon","fan-tailed-warbler-NpvZdySIwrPR9t9N-thumb.webp","Fan-tailed Warbler","420","420","lazy","28960"
"/trips/sumidero-canyon","gartered-trogon-mP432bzGwoUoL9jv-thumb.webp","Gartered Trogon","420","420","lazy","23890"
"/trips/sumidero-canyon","feizal-and-valente-birdwatching-at-sumidero-canyon-AE0P0plDJlTR6J5M-thumb.webp","Birding the canyon rim","420","420","lazy","11656"
"/trips/sumidero-canyon","lesser-ground-cuckoo-sergio-thumb.webp","Lesser Ground-Cuckoo","420","420","lazy","15196"
"/trips/volcano-endemics","cardellina-logo-r-ouLe0QMSi7BFi1G9-thumb.webp","","52","52","","15616"
"/trips/volcano-endemics","horned-guan-mv02ExGWQJC0k2xv-card.webp","Horned Guan","800","600","","59908"
"/trips/volcano-endemics","horned-guan-mv02ExGWQJC0k2xv-thumb.webp","Horned Guan","420","420","lazy","24746"
"/trips/volcano-endemics","pink-headed-warbler-3-qDv5NS68FdQ7onyM-thumb.webp","Pink-headed Warbler","420","420","lazy","16136"
"/trips/volcano-endemics","yellow-headed-amazon-RwBRxOKOv3wii34L-thumb.webp","Yellow-headed Amazon","420","420","lazy","38698"
"/trips/volcano-endemics","_dsc0870-UHFcPZY27edAPFr1-thumb.webp","Giant Wren","420","420","lazy","10560"
"/trips/volcano-endemics","sparkling-tailed-hummingbird-rx6NUrWTCsWDxH5N-thumb.webp","Sparkling-tailed Hummingbird","420","420","lazy","7720"
"/trips/volcano-endemics","sabes_aves_blue-crowned_chlorophonia-1-YD0w1yZbj5fb90o7-thumb.webp","Blue-crowned Chlorophonia","420","420","lazy","23590"
"/trips/volcano-endemics","sabes_aves_blue-throated_motmot-NFfUHZuU255VnhZE-thumb.webp","Blue-throated Motmot","420","420","lazy","24224"
"/trips/volcano-endemics","hooded-grosbeak-Jnoa3lBHTMdjXHGh-thumb.webp","Hooded Grosbeak","420","420","lazy","27698"
"/trips/volcano-endemics","wine-throated-hummingbird-1KaFhnbxIE9aAt0U-thumb.webp","Wine-throated Hummingbird","420","420","lazy","7316"
"/trips/volcano-endemics","rufous-sabrewing-8lgcv1ND0RJovnoi-thumb.webp","Rufous Sabrewing","420","420","lazy","10840"
"/trips/volcano-endemics","turquoise-browed-motmot-hwikmYfulmi5nHCi-thumb.webp","Turquoise-browed Motmot","420","420","lazy","13524"
"/trips/volcano-endemics","guatemalan-tyrannulet-HFmbr5dlTSRWWVe9-thumb.webp","Guatemalan Tyrannulet","420","420","lazy","10070"
"/trips/volcano-endemics","long-tailed-manakin-tqWbPcfxlxP9AoST-thumb.webp","Long-tailed Manakin","420","420","lazy","12538"
"/trips/volcano-endemics","orange-breasted-bunting-sergio-thumb.webp","Orange-breasted Bunting","420","420","lazy","13778"
"/trips/volcano-endemics","citreoline-trogon-sergio-thumb.webp","Citreoline Trogon","420","420","lazy","18942"
"/trips/volcano-endemics","cinnamon-tailed-sparrow-sergio-thumb.webp","Cinnamon-tailed Sparrow","420","420","lazy","25250"
