"current","proposed","variants","note"
"sabes_aves_basilina_leucotis-KRKtKHveZzcPOm7i","basilina-leucotis-KRKtKHveZzcPOm7i","5","Changes the URL. Needs redirects for anything already indexed in Google Images."
"sabes_aves_blue-crowned_chlorophonia-1-YD0w1yZbj5fb90o7","blue-crowned-chlorophonia-1-YD0w1yZbj5fb90o7","5","Changes the URL. Needs redirects for anything already indexed in Google Images."
"sabes_aves_blue-throated_motmot-NFfUHZuU255VnhZE","blue-throated-motmot-NFfUHZuU255VnhZE","5","Changes the URL. Needs redirects for anything already indexed in Google Images."
"sabes_aves_canon_del_sumidero-mePJl0M91pTLG4Ja","canon-del-sumidero-mePJl0M91pTLG4Ja","5","Changes the URL. Needs redirects for anything already indexed in Google Images."
"sabes_aves_pink-headed_warbler-A0xjy2JlD8TLpRLX","pink-headed-warbler-A0xjy2JlD8TLpRLX","5","Changes the URL. Needs redirects for anything already indexed in Google Images."
"sabes_aves_rivolis_hummingbird-4K4YnfKdpJWaTbqo","rivolis-hummingbird-4K4YnfKdpJWaTbqo","5","Changes the URL. Needs redirects for anything already indexed in Google Images."
"sabes_aves_rufous-browed_wren-ozWNJPc9Zns8f5zO","rufous-browed-wren-ozWNJPc9Zns8f5zO","5","Changes the URL. Needs redirects for anything already indexed in Google Images."
"sabes_aves_rufous-collared_sparrow-GqOCJC9TabonSzXb","rufous-collared-sparrow-GqOCJC9TabonSzXb","5","Changes the URL. Needs redirects for anything already indexed in Google Images."
"sabes_aves_wine-thorated_hummingbird-1-AoPJBzjDE8c8XVez","wine-thorated-hummingbird-1-AoPJBzjDE8c8XVez","5","Changes the URL. Needs redirects for anything already indexed in Google Images."
"sabes_aves_wine-thorated_hummingbird-2-A1azLaRJ6zsGPE7K","wine-thorated-hummingbird-2-A1azLaRJ6zsGPE7K","4","Changes the URL. Needs redirects for anything already indexed in Google Images."
"saves_aves_belted_flyctacher-yle4qopkavupwgkq_le_upscale_prime_light_ai_30-W0ccOL9OyvD1PW60","belted-flyctacher-yle4qopkavupwgkq-le-upscale-prime-light-ai-30-W0ccOL9OyvD1PW60","5","Changes the URL. Needs redirects for anything already indexed in Google Images."
"saves_aves_golden-cheeked_warbler-fO82HsR2CVu7j9hq","golden-cheeked-warbler-fO82HsR2CVu7j9hq","5","Changes the URL. Needs redirects for anything already indexed in Google Images."
"saves_aves_slender_sheartail-mk3JZ2XwRgceMJ7G","slender-sheartail-mk3JZ2XwRgceMJ7G","5","Changes the URL. Needs redirects for anything already indexed in Google Images."
