species_code,common_name,scientific_name,sort,family,slug
gretin1,Great Tinamou,Tinamus major,61,Tinamidae,
littin1,Little Tinamou,Crypturellus soui,78,Tinamidae,
slbtin1,Slaty-breasted Tinamou,Crypturellus boucardi,129,Tinamidae,slaty-breasted-tinamou
thitin1,Thicket Tinamou,Crypturellus cinnamomeus,134,Tinamidae,thicket-tinamou
bbwduc,Black-bellied Whistling-Duck,Dendrocygna autumnalis,233,Anatidae,
fuwduc,Fulvous Whistling-Duck,Dendrocygna bicolor,239,Anatidae,
bahgoo,Bar-headed Goose,Anser indicus,255,Anatidae,
snogoo,Snow Goose,Anser caerulescens,257,Anatidae,
rosgoo,Ross's Goose,Anser rossii,261,Anatidae,
gragoo,Graylag Goose,Anser anser,264,Anatidae,
swagoo1,Swan Goose,Anser cygnoides,270,Anatidae,
gwfgoo,Greater White-fronted Goose,Anser albifrons,276,Anatidae,
brant,Brant,Branta bernicla,302,Anatidae,
cacgoo1,Cackling Goose,Branta hutchinsii,319,Anatidae,
cangoo,Canada Goose,Branta canadensis,330,Anatidae,
blkswa,Black Swan,Cygnus atratus,367,Anatidae,
egygoo,Egyptian Goose,Alopochen aegyptiaca,405,Anatidae,
musduc,Muscovy Duck,Cairina moschata,431,Anatidae,
wooduc,Wood Duck,Aix sponsa,441,Anatidae,
manduc,Mandarin Duck,Aix galericulata,443,Anatidae,
buwtea,Blue-winged Teal,Spatula discors,468,Anatidae,
cintea,Cinnamon Teal,Spatula cyanoptera,469,Anatidae,
norsho,Northern Shoveler,Spatula clypeata,483,Anatidae,
gadwal,Gadwall,Mareca strepera,487,Anatidae,
eurwig,Eurasian Wigeon,Mareca penelope,494,Anatidae,
amewig,American Wigeon,Mareca americana,497,Anatidae,
mallar3,Mallard,Anas platyrhynchos,525,Anatidae,
mexduc,Mexican Duck,Anas diazi,547,Anatidae,
motduc,Mottled Duck,Anas fulvigula,554,Anatidae,
norpin,Northern Pintail,Anas acuta,571,Anatidae,
gnwtea,Green-winged Teal,Anas crecca,588,Anatidae,
canvas,Canvasback,Aythya valisineria,641,Anatidae,
redhea,Redhead,Aythya americana,642,Anatidae,
rinduc,Ring-necked Duck,Aythya collaris,648,Anatidae,
gresca,Greater Scaup,Aythya marila,669,Anatidae,
lessca,Lesser Scaup,Aythya affinis,675,Anatidae,
harduc,Harlequin Duck,Histrionicus histrionicus,702,Anatidae,
sursco,Surf Scoter,Melanitta perspicillata,703,Anatidae,
whwsco2,White-winged Scoter,Melanitta deglandi,705,Anatidae,
blksco2,Black Scoter,Melanitta americana,712,Anatidae,
lotduc,Long-tailed Duck,Clangula hyemalis,716,Anatidae,
buffle,Bufflehead,Bucephala albeola,717,Anatidae,
comgol,Common Goldeneye,Bucephala clangula,718,Anatidae,
hoomer,Hooded Merganser,Lophodytes cucullatus,729,Anatidae,
commer,Common Merganser,Mergus merganser,737,Anatidae,
rebmer,Red-breasted Merganser,Mergus serrator,745,Anatidae,
masduc,Masked Duck,Nomonyx dominicus,752,Anatidae,
rudduc,Ruddy Duck,Oxyura jamaicensis,753,Anatidae,
placha,Plain Chachalaca,Ortalis vetula,828,Cracidae,
rubcha1,Rufous-bellied Chachalaca,Ortalis wagleri,839,Cracidae,
wemcha1,West Mexican Chachalaca,Ortalis poliocephala,840,Cracidae,west-mexican-chachalaca
whbcha1,White-bellied Chachalaca,Ortalis leucogastra,845,Cracidae,white-bellied-chachalaca
cregua1,Crested Guan,Penelope purpurascens,887,Cracidae,crested-guan
higgua1,Highland Guan,Penelopina nigra,920,Cracidae,highland-guan
horgua1,Horned Guan,Oreophasis derbianus,921,Cracidae,horned-guan
grecur1,Great Curassow,Crax rubra,932,Cracidae,great-curassow
helgui,Helmeted Guineafowl,Numida meleagris,950,Numididae,
mouqua,Mountain Quail,Oreortyx pictus,986,Odontophoridae,
bcwpar1,Buffy-crowned Wood-Partridge,Dendrortyx leucophrys,987,Odontophoridae,
ltwpar1,Long-tailed Wood-Partridge,Dendrortyx macroura,990,Odontophoridae,
bewpar1,Bearded Wood-Partridge,Dendrortyx barbatus,997,Odontophoridae,
banqua1,Banded Quail,Philortyx fasciatus,998,Odontophoridae,
norbob,Northern Bobwhite,Colinus virginianus,999,Odontophoridae,
bltbob1,Black-throated Bobwhite,Colinus nigrogularis,1025,Odontophoridae,
scaqua,Scaled Quail,Callipepla squamata,1051,Odontophoridae,
elequa,Elegant Quail,Callipepla douglasii,1057,Odontophoridae,
calqua,California Quail,Callipepla californica,1064,Odontophoridae,
gamqua,Gambel's Quail,Callipepla gambelii,1075,Odontophoridae,
monqua,Montezuma Quail,Cyrtonyx montezumae,1084,Odontophoridae,
ocequa1,Ocellated Quail,Cyrtonyx ocellatus,1092,Odontophoridae,ocellated-quail
sinqua1,Singing Quail,Dactylortyx thoracicus,1093,Odontophoridae,singing-quail
spwqua1,Spotted Wood-Quail,Odontophorus guttatus,1140,Odontophoridae,spotted-wood-quail
wiltur,Wild Turkey,Meleagris gallopavo,1242,Phasianidae,
ocetur1,Ocellated Turkey,Meleagris ocellata,1250,Phasianidae,
rinphe1,Ring-necked Pheasant,Phasianus colchicus,1444,Phasianidae,
compea,Indian Peafowl,Pavo cristatus,1539,Phasianidae,
redjun,Red Junglefowl,Gallus gallus,1586,Phasianidae,
rocpig,Rock Pigeon,Columba livia,1817,Columbidae,
pavpig2,Pale-vented Pigeon,Patagioenas cayennensis,1903,Columbidae,
scapig2,Scaled Pigeon,Patagioenas speciosa,1910,Columbidae,
whcpig2,White-crowned Pigeon,Patagioenas leucocephala,1919,Columbidae,
rebpig1,Red-billed Pigeon,Patagioenas flavirostris,1920,Columbidae,
batpig1,Band-tailed Pigeon,Patagioenas fasciata,1929,Columbidae,band-tailed-pigeon
shbpig,Short-billed Pigeon,Patagioenas nigrirostris,1962,Columbidae,
eucdov,Eurasian Collared-Dove,Streptopelia decaocto,1994,Columbidae,
afcdov1,African Collared-Dove,Streptopelia roseogrisea,1999,Columbidae,
incdov,Inca Dove,Columbina inca,2205,Columbidae,
cogdov,Common Ground Dove,Columbina passerina,2206,Columbidae,
pbgdov1,Plain-breasted Ground Dove,Columbina minuta,2225,Columbidae,
rugdov,Ruddy Ground Dove,Columbina talpacoti,2230,Columbidae,
blgdov1,Blue Ground Dove,Claravis pretiosa,2250,Columbidae,
mcgdov1,Maroon-chested Ground Dove,Paraclaravis mondetoura,2251,Columbidae,maroon-chested-ground-dove
ruqdov,Ruddy Quail-Dove,Geotrygon montana,2275,Columbidae,
whtdov,White-tipped Dove,Leptotila verreauxi,2286,Columbidae,
cardov1,Caribbean Dove,Leptotila jamaicensis,2303,Columbidae,
grcdov1,Gray-chested Dove,Leptotila cassinii,2308,Columbidae,
gyhdov1,Gray-headed Dove,Leptotila plumbeiceps,2314,Columbidae,
tuqdov1,Tuxtla Quail-Dove,Zentrygon carrikeri,2332,Columbidae,
wfqdov1,White-faced Quail-Dove,Zentrygon albifacies,2335,Columbidae,
whwdov,White-winged Dove,Zenaida asiatica,2350,Columbidae,
zendov,Zenaida Dove,Zenaida aurita,2354,Columbidae,
moudov,Mourning Dove,Zenaida macroura,2373,Columbidae,
smbani,Smooth-billed Ani,Crotophaga ani,2984,Cuculidae,
grbani,Groove-billed Ani,Crotophaga sulcirostris,2985,Cuculidae,
strcuc1,Striped Cuckoo,Tapera naevia,2987,Cuculidae,
phecuc1,Pheasant Cuckoo,Dromococcyx phasianellus,2990,Cuculidae,
legcuc1,Lesser Ground-Cuckoo,Morococcyx erythropygus,2992,Cuculidae,lesser-ground-cuckoo
lesroa1,Lesser Roadrunner,Geococcyx velox,2995,Cuculidae,lesser-roadrunner
greroa,Greater Roadrunner,Geococcyx californianus,2996,Cuculidae,
squcuc1,Squirrel Cuckoo,Piaya cayana,3169,Cuculidae,
yebcuc,Yellow-billed Cuckoo,Coccyzus americanus,3188,Cuculidae,
mancuc,Mangrove Cuckoo,Coccyzus minor,3191,Cuculidae,
bkbcuc,Black-billed Cuckoo,Coccyzus erythropthalmus,3193,Cuculidae,
lesnig,Lesser Nighthawk,Chordeiles acutipennis,3431,Caprimulgidae,
comnig,Common Nighthawk,Chordeiles minor,3439,Caprimulgidae,
shtnig1,Short-tailed Nighthawk,Lurocalis semitorquatus,3454,Caprimulgidae,
compau,Common Pauraque,Nyctidromus albicollis,3474,Caprimulgidae,
sptnig1,Spot-tailed Nightjar,Antiurus maculicaudus,3495,Caprimulgidae,
earpoo1,Eared Poorwill,Nyctiphrynus mcleodii,3527,Caprimulgidae,
yucpoo1,Yucatan Poorwill,Nyctiphrynus yucatanicus,3530,Caprimulgidae,
compoo,Common Poorwill,Phalaenoptilus nuttallii,3535,Caprimulgidae,
chwwid,Chuck-will's-widow,Antrostomus carolinensis,3541,Caprimulgidae,
tacnig1,Tawny-collared Nightjar,Antrostomus salvini,3553,Caprimulgidae,tawny-collared-nightjar
yucnig1,Yucatan Nightjar,Antrostomus badius,3554,Caprimulgidae,
bucnig,Buff-collared Nightjar,Antrostomus ridgwayi,3558,Caprimulgidae,buff-collared-nightjar
easwpw1,Eastern Whip-poor-will,Antrostomus vociferus,3561,Caprimulgidae,
souwpw1,Mexican Whip-poor-will,Antrostomus arizonae,3563,Caprimulgidae,mexican-whip-poor-will
grepot1,Great Potoo,Nyctibius grandis,3693,Nyctibiidae,
norpot1,Northern Potoo,Nyctibius jamaicensis,3701,Nyctibiidae,
blkswi,Black Swift,Cypseloides niger,3773,Apodidae,
whfswi1,White-fronted Swift,Cypseloides storeri,3780,Apodidae,
chcswi1,Chestnut-collared Swift,Streptoprocne rutila,3785,Apodidae,
whcswi,White-collared Swift,Streptoprocne zonaris,3790,Apodidae,
whnswi1,White-naped Swift,Streptoprocne semicollaris,3800,Apodidae,
chiswi,Chimney Swift,Chaetura pelagica,3842,Apodidae,
vauswi,Vaux's Swift,Chaetura vauxi,3843,Apodidae,
whtswi,White-throated Swift,Aeronautes saxatalis,4103,Apodidae,
lstswi1,Lesser Swallow-tailed Swift,Panyptila cayennensis,4114,Apodidae,
gstswi1,Great Swallow-tailed Swift,Panyptila sanctihieronymi,4117,Apodidae,
whnjac1,White-necked Jacobin,Florisuga mellivora,4172,Trochilidae,
lobher,Long-billed Hermit,Phaethornis longirostris,4218,Trochilidae,
mexher1,Mexican Hermit,Phaethornis mexicanus,4224,Trochilidae,
stther2,Stripe-throated Hermit,Phaethornis striigularis,4255,Trochilidae,
grnvie1,Mexican Violetear,Colibri thalassinus,4303,Trochilidae,
pucfai1,Purple-crowned Fairy,Heliothryx barroti,4313,Trochilidae,purple-crowned-fairy
gnbman,Green-breasted Mango,Anthracothorax prevostii,4333,Trochilidae,
shccoq,Short-crested Coquette,Lophornis brachylophus,4388,Trochilidae,
blccoq1,Black-crested Coquette,Lophornis helenae,4400,Trochilidae,black-crested-coquette
maghum1,Rivoli's Hummingbird,Eugenes fulgens,4668,Trochilidae,rivoli-s-hummingbird
lobsta1,Long-billed Starthroat,Heliomaster longirostris,4670,Trochilidae,
plcsta,Plain-capped Starthroat,Heliomaster constantii,4674,Trochilidae,plain-capped-starthroat
gtmgem1,Green-throated Mountain-gem,Lampornis viridipallens,4684,Trochilidae,green-throated-mountain-gem
amthum1,Amethyst-throated Mountain-gem,Lampornis amethystinus,4690,Trochilidae,amethyst-throated-mountain-gem
buthum,Blue-throated Mountain-gem,Lampornis clemenciae,4697,Trochilidae,
gathum1,Garnet-throated Hummingbird,Lamprolaima rhami,4712,Trochilidae,garnet-throated-hummingbird
spthum1,Sparkling-tailed Hummingbird,Tilmatura dupontii,4713,Trochilidae,sparkling-tailed-hummingbird
sleshe1,Slender Sheartail,Doricha enicura,4742,Trochilidae,slender-sheartail
mexshe1,Mexican Sheartail,Doricha eliza,4743,Trochilidae,
luchum,Lucifer Hummingbird,Calothorax lucifer,4744,Trochilidae,
beahum1,Beautiful Hummingbird,Calothorax pulcher,4745,Trochilidae,
rthhum,Ruby-throated Hummingbird,Archilochus colubris,4747,Trochilidae,
bkchum,Black-chinned Hummingbird,Archilochus alexandri,4748,Trochilidae,
annhum,Anna's Hummingbird,Calypte anna,4758,Trochilidae,
coshum,Costa's Hummingbird,Calypte costae,4761,Trochilidae,
calhum,Calliope Hummingbird,Selasphorus calliope,4766,Trochilidae,
rufhum,Rufous Hummingbird,Selasphorus rufus,4769,Trochilidae,
allhum,Allen's Hummingbird,Selasphorus sasin,4774,Trochilidae,
brthum,Broad-tailed Hummingbird,Selasphorus platycercus,4782,Trochilidae,broad-tailed-hummingbird
bumhum,Bumblebee Hummingbird,Selasphorus heloisa,4789,Trochilidae,
withum1,Wine-throated Hummingbird,Selasphorus ellioti,4792,Trochilidae,
dushum1,Dusky Hummingbird,Phaeoptila sordida,4803,Trochilidae,
brbhum,Broad-billed Hummingbird,Cynanthus latirostris,4810,Trochilidae,
brbhum3,Tres Marias Hummingbird,Cynanthus lawrencei,4818,Trochilidae,
brbhum2,Turquoise-crowned Hummingbird,Cynanthus doubledayi,4820,Trochilidae,
goceme1,Golden-crowned Emerald,Cynanthus auriceps,4824,Trochilidae,
cozeme1,Cozumel Emerald,Cynanthus forficatus,4825,Trochilidae,
caneme1,Canivet's Emerald,Cynanthus canivetii,4826,Trochilidae,canivet-s-emerald
whehum,White-eared Hummingbird,Basilinna leucotis,4861,Trochilidae,white-eared-hummingbird
xanhum,Xantus's Hummingbird,Basilinna xantusii,4867,Trochilidae,
wetsab1,Wedge-tailed Sabrewing,Pampa curvipennis,4868,Trochilidae,
rufsab1,Rufous Sabrewing,Pampa rufa,4872,Trochilidae,
emchum1,Emerald-chinned Hummingbird,Abeillia abeillei,4877,Trochilidae,emerald-chinned-hummingbird
viosab1,Violet Sabrewing,Campylopterus hemileucurus,4894,Trochilidae,
mexwoo1,Mexican Woodnymph,Eupherusa ridgwayi,4954,Trochilidae,
whthum1,White-tailed Hummingbird,Eupherusa poliocerca,4955,Trochilidae,
blchum2,Blue-capped Hummingbird,Eupherusa cyanophrys,4956,Trochilidae,
stthum1,Stripe-tailed Hummingbird,Eupherusa eximia,4957,Trochilidae,stripe-tailed-hummingbird
scbhum1,Scaly-breasted Hummingbird,Phaeochroa cuvierii,4962,Trochilidae,scaly-breasted-hummingbird
vichum,Violet-crowned Hummingbird,Ramosomyia violiceps,4986,Trochilidae,
grfhum1,Green-fronted Hummingbird,Ramosomyia viridifrons,4990,Trochilidae,green-fronted-hummingbird
azchum1,Azure-crowned Hummingbird,Saucerottia cyanocephala,4995,Trochilidae,azure-crowned-hummingbird
berhum,Berylline Hummingbird,Saucerottia beryllina,4999,Trochilidae,berylline-hummingbird
blthum1,Blue-tailed Hummingbird,Saucerottia cyanura,5009,Trochilidae,blue-tailed-hummingbird
cinhum1,Cinnamon Hummingbird,Amazilia rutila,5042,Trochilidae,cinnamon-hummingbird
bubhum,Buff-bellied Hummingbird,Amazilia yucatanensis,5048,Trochilidae,
rtlhum,Rufous-tailed Hummingbird,Amazilia tzacatl,5053,Trochilidae,
whbeme1,White-bellied Emerald,Chlorestes candida,5135,Trochilidae,
bltgol1,Blue-throated Goldentail,Chlorestes eliciae,5139,Trochilidae,
ridrai1,Ridgway's Rail,Rallus obsoletus,5199,Rallidae,
kinrai2,Aztec Rail,Rallus tenuirostris,5204,Rallidae,
clarai11,Clapper Rail,Rallus crepitans,5219,Rallidae,
virrai,Virginia Rail,Rallus limicola,5240,Rallidae,
sporai,Spotted Rail,Pardirallus maculatus,5352,Rallidae,
rnwrai1,Rufous-necked Wood-Rail,Aramides axillaris,5382,Rallidae,
runwor1,Russet-naped Wood-Rail,Aramides albiventris,5383,Rallidae,
sora,Sora,Porzana carolina,5398,Rallidae,
comgal1,Common Gallinule,Gallinula galeata,5411,Rallidae,
y00475,American Coot,Fulica americana,5443,Rallidae,
purgal2,Purple Gallinule,Porphyrio martinica,5458,Rallidae,
yebcra1,Yellow-breasted Crake,Laterallus flaviventer,5574,Rallidae,
rudcra1,Ruddy Crake,Laterallus ruber,5585,Rallidae,ruddy-crake
grbcra1,Gray-breasted Crake,Laterallus exilis,5592,Rallidae,
blkrai,Black Rail,Laterallus jamaicensis,5594,Rallidae,
sungre1,Sungrebe,Heliornis fulica,5612,Heliornithidae,
limpki,Limpkin,Aramus guarauna,5614,Aramidae,
sancra,Sandhill Crane,Antigone canadensis,5643,Gruidae,
dstkne,Double-striped Thick-knee,Hesperoburhinus bistriatus,5677,Burhinidae,
bknsti,Black-necked Stilt,Himantopus mexicanus,5713,Recurvirostridae,
ameavo,American Avocet,Recurvirostra americana,5723,Recurvirostridae,
ameoys,American Oystercatcher,Haematopus palliatus,5742,Haematopodidae,
blkoys,Black Oystercatcher,Haematopus bachmani,5749,Haematopodidae,
bkbplo,Black-bellied Plover,Pluvialis squatarola,5754,Charadriidae,
amgplo,American Golden-Plover,Pluvialis dominica,5758,Charadriidae,
pagplo,Pacific Golden-Plover,Pluvialis fulva,5759,Charadriidae,
killde,Killdeer,Charadrius vociferus,5770,Charadriidae,
semplo,Semipalmated Plover,Charadrius semipalmatus,5777,Charadriidae,
pipplo,Piping Plover,Charadrius melodus,5779,Charadriidae,
soulap1,Southern Lapwing,Vanellus chilensis,5835,Charadriidae,
wilplo,Wilson's Plover,Anarhynchus wilsonia,5867,Charadriidae,
colplo1,Collared Plover,Anarhynchus collaris,5872,Charadriidae,
mouplo,Mountain Plover,Anarhynchus montanus,5873,Charadriidae,
snoplo5,Snowy Plover,Anarhynchus nivosus,5880,Charadriidae,
norjac,Northern Jacana,Jacana spinosa,5925,Jacanidae,
uplsan,Upland Sandpiper,Bartramia longicauda,5949,Scolopacidae,
whimbr,Whimbrel,Numenius phaeopus,5951,Scolopacidae,
lobcur,Long-billed Curlew,Numenius americanus,5961,Scolopacidae,
hudgod,Hudsonian Godwit,Limosa haemastica,5988,Scolopacidae,
margod,Marbled Godwit,Limosa fedoa,5991,Scolopacidae,
shbdow,Short-billed Dowitcher,Limnodromus griseus,5997,Scolopacidae,
lobdow,Long-billed Dowitcher,Limnodromus scolopaceus,6001,Scolopacidae,
amewoo,American Woodcock,Scolopax minor,6004,Scolopacidae,
wilsni1,Wilson's Snipe,Gallinago delicata,6042,Scolopacidae,
wilpha,Wilson's Phalarope,Phalaropus tricolor,6057,Scolopacidae,
redpha1,Red Phalarope,Phalaropus fulicarius,6058,Scolopacidae,
renpha,Red-necked Phalarope,Phalaropus lobatus,6059,Scolopacidae,
sposan,Spotted Sandpiper,Actitis macularius,6064,Scolopacidae,
solsan,Solitary Sandpiper,Tringa solitaria,6067,Scolopacidae,
wantat1,Wandering Tattler,Tringa incana,6072,Scolopacidae,
lesyel,Lesser Yellowlegs,Tringa flavipes,6083,Scolopacidae,
willet1,Willet,Tringa semipalmata,6085,Scolopacidae,
greyel,Greater Yellowlegs,Tringa melanoleuca,6092,Scolopacidae,
rudtur,Ruddy Turnstone,Arenaria interpres,6099,Scolopacidae,
blktur,Black Turnstone,Arenaria melanocephala,6102,Scolopacidae,
redkno,Red Knot,Calidris canutus,6104,Scolopacidae,
surfbi,Surfbird,Calidris virgata,6112,Scolopacidae,
ruff,Ruff,Calidris pugnax,6115,Scolopacidae,
stisan,Stilt Sandpiper,Calidris himantopus,6121,Scolopacidae,
bubsan,Buff-breasted Sandpiper,Calidris subruficollis,6126,Scolopacidae,
sander,Sanderling,Calidris alba,6127,Scolopacidae,
dunlin,Dunlin,Calidris alpina,6130,Scolopacidae,
baisan,Baird's Sandpiper,Calidris bairdii,6154,Scolopacidae,
whrsan,White-rumped Sandpiper,Calidris fuscicollis,6158,Scolopacidae,
leasan,Least Sandpiper,Calidris minutilla,6162,Scolopacidae,
pecsan,Pectoral Sandpiper,Calidris melanotos,6163,Scolopacidae,
wessan,Western Sandpiper,Calidris mauri,6167,Scolopacidae,
semsan,Semipalmated Sandpiper,Calidris pusilla,6168,Scolopacidae,
lotjae,Long-tailed Jaeger,Stercorarius longicaudus,6293,Stercorariidae,
parjae,Parasitic Jaeger,Stercorarius parasiticus,6296,Stercorariidae,
pomjae,Pomarine Jaeger,Stercorarius pomarinus,6298,Stercorariidae,
sopsku1,South Polar Skua,Stercorarius maccormicki,6307,Stercorariidae,
rhiauk,Rhinoceros Auklet,Cerorhinca monocerata,6312,Alcidae,
casauk,Cassin's Auklet,Ptychoramphus aleuticus,6320,Alcidae,
marmur,Marbled Murrelet,Brachyramphus marmoratus,6330,Alcidae,
piggui,Pigeon Guillemot,Cepphus columba,6339,Alcidae,
commur,Common Murre,Uria aalge,6359,Alcidae,
ancmur,Ancient Murrelet,Synthliboramphus antiquus,6368,Alcidae,
xanmur2,Scripps's Murrelet,Synthliboramphus scrippsi,6372,Alcidae,
xanmur1,Guadalupe Murrelet,Synthliboramphus hypoleucus,6373,Alcidae,
cramur,Craveri's Murrelet,Synthliboramphus craveri,6375,Alcidae,
litgul,Little Gull,Hydrocoloeus minutus,6382,Laridae,
bklkit,Black-legged Kittiwake,Rissa tridactyla,6384,Laridae,
sabgul,Sabine's Gull,Xema sabini,6390,Laridae,
bongul,Bonaparte's Gull,Chroicocephalus philadelphia,6397,Laridae,
laugul,Laughing Gull,Leucophaeus atricilla,6424,Laridae,
fragul,Franklin's Gull,Leucophaeus pipixcan,6428,Laridae,
heegul,Heermann's Gull,Larus heermanni,6446,Laridae,
mewgul2,Short-billed Gull,Larus brachyrhynchus,6453,Laridae,
ribgul,Ring-billed Gull,Larus delawarensis,6455,Laridae,
yefgul,Yellow-footed Gull,Larus livens,6460,Laridae,
wesgul,Western Gull,Larus occidentalis,6461,Laridae,
amhgul1,American Herring Gull,Larus smithsonianus,6472,Laridae,
veggul1,Vega Gull,Larus vegae,6474,Laridae,
glagul,Glaucous Gull,Larus hyperboreus,6498,Laridae,
lbbgul,Lesser Black-backed Gull,Larus fuscus,6508,Laridae,
calgul,California Gull,Larus californicus,6522,Laridae,
glwgul,Glaucous-winged Gull,Larus glaucescens,6526,Laridae,
y00478,Iceland Gull,Larus glaucoides,6536,Laridae,
blkski,Black Skimmer,Rynchops niger,6551,Laridae,
whiter,White Tern,Gygis alba,6555,Laridae,
brnnod,Brown Noddy,Anous stolidus,6561,Laridae,
blknod,Black Noddy,Anous minutus,6569,Laridae,
sooter1,Sooty Tern,Onychoprion fuscatus,6592,Laridae,
briter1,Bridled Tern,Onychoprion anaethetus,6600,Laridae,
leater1,Least Tern,Sternula antillarum,6625,Laridae,
gubter2,Gull-billed Tern,Gelochelidon nilotica,6636,Laridae,
caster1,Caspian Tern,Hydroprogne caspia,6644,Laridae,
blkter,Black Tern,Chlidonias niger,6651,Laridae,
forter,Forster's Tern,Sterna forsteri,6657,Laridae,
arcter,Arctic Tern,Sterna paradisaea,6659,Laridae,
comter,Common Tern,Sterna hirundo,6674,Laridae,
roster,Roseate Tern,Sterna dougallii,6687,Laridae,
santer1,Sandwich Tern,Thalasseus sandvicensis,6701,Laridae,
eleter1,Elegant Tern,Thalasseus elegans,6706,Laridae,
royter1,Royal Tern,Thalasseus maximus,6714,Laridae,
chifla1,Chilean Flamingo,Phoenicopterus chilensis,6731,Phoenicopteridae,
grefla2,American Flamingo,Phoenicopterus ruber,6732,Phoenicopteridae,
grefla3,Greater Flamingo,Phoenicopterus roseus,6734,Phoenicopteridae,
leagre,Least Grebe,Tachybaptus dominicus,6770,Podicipedidae,
pibgre,Pied-billed Grebe,Podilymbus podiceps,6776,Podicipedidae,
horgre,Horned Grebe,Podiceps auritus,6787,Podicipedidae,
rengre,Red-necked Grebe,Podiceps grisegena,6790,Podicipedidae,
eargre,Eared Grebe,Podiceps nigricollis,6797,Podicipedidae,
wesgre,Western Grebe,Aechmophorus occidentalis,6809,Podicipedidae,
clagre,Clark's Grebe,Aechmophorus clarkii,6812,Podicipedidae,
whttro,White-tailed Tropicbird,Phaethon lepturus,6829,Phaethontidae,
rebtro,Red-billed Tropicbird,Phaethon aethereus,6836,Phaethontidae,
rettro,Red-tailed Tropicbird,Phaethon rubricauda,6840,Phaethontidae,
retloo,Red-throated Loon,Gavia stellata,6848,Gaviidae,
pacloo,Pacific Loon,Gavia pacifica,6852,Gaviidae,
comloo,Common Loon,Gavia immer,6854,Gaviidae,
yebloo,Yellow-billed Loon,Gavia adamsii,6855,Gaviidae,
layalb,Laysan Albatross,Phoebastria immutabilis,6908,Diomedeidae,
bkfalb,Black-footed Albatross,Phoebastria nigripes,6909,Diomedeidae,
lcspet,Leach's Storm-Petrel,Hydrobates leucorhous,6974,Hydrobatidae,
leastp5,Townsend's Storm-Petrel,Hydrobates socorroensis,6977,Hydrobatidae,
leastp2,Ainley's Storm-Petrel,Hydrobates cheimomnestes,6981,Hydrobatidae,
asspet,Ashy Storm-Petrel,Hydrobates homochroa,6984,Hydrobatidae,
wrspet,Wedge-rumped Storm-Petrel,Hydrobates tethys,6992,Hydrobatidae,
bkspet,Black Storm-Petrel,Hydrobates melania,6995,Hydrobatidae,
lsspet,Least Storm-Petrel,Hydrobates microsoma,7002,Hydrobatidae,
norful,Northern Fulmar,Fulmarus glacialis,7011,Procellariidae,
jufpet,Juan Fernandez Petrel,Pterodroma externa,7056,Procellariidae,
whnpet,White-necked Petrel,Pterodroma cervicalis,7061,Procellariidae,
coopet,Cook's Petrel,Pterodroma cookii,7066,Procellariidae,
tahpet1,Tahiti Petrel,Pseudobulweria rostrata,7105,Procellariidae,
strshe,Streaked Shearwater,Calonectris leucomelas,7118,Procellariidae,
corshe1,Cory's Shearwater,Calonectris borealis,7119,Procellariidae,
pifshe,Pink-footed Shearwater,Ardenna creatopus,7124,Procellariidae,
flfshe,Flesh-footed Shearwater,Ardenna carneipes,7125,Procellariidae,
wetshe,Wedge-tailed Shearwater,Ardenna pacifica,7128,Procellariidae,
sooshe,Sooty Shearwater,Ardenna grisea,7132,Procellariidae,
audshe3,Galapagos Shearwater,Puffinus subalaris,7136,Procellariidae,
towshe1,Townsend's Shearwater,Puffinus auricularis,7147,Procellariidae,
bkvshe,Black-vented Shearwater,Puffinus opisthomelas,7153,Procellariidae,
audshe,Sargasso Shearwater,Puffinus lherminieri,7166,Procellariidae,
jabiru,Jabiru,Jabiru mycteria,7219,Ciconiidae,
woosto,Wood Stork,Mycteria americana,7224,Ciconiidae,
magfri,Magnificent Frigatebird,Fregata magnificens,7233,Fregatidae,
grefri,Great Frigatebird,Fregata minor,7241,Fregatidae,
refboo,Red-footed Booby,Sula sula,7254,Sulidae,
brnboo,Brown Booby,Sula leucogaster,7258,Sulidae,
cocboo1,Cocos Booby,Sula brewsteri,7261,Sulidae,
masboo,Masked Booby,Sula dactylatra,7265,Sulidae,
nazboo1,Nazca Booby,Sula granti,7271,Sulidae,
bfoboo,Blue-footed Booby,Sula nebouxii,7274,Sulidae,
anhing,Anhinga,Anhinga anhinga,7283,Anhingidae,
bracor,Brandt's Cormorant,Urile penicillatus,7305,Phalacrocoracidae,
pelcor,Pelagic Cormorant,Urile pelagicus,7307,Phalacrocoracidae,
doccor,Double-crested Cormorant,Nannopterum auritum,7342,Phalacrocoracidae,
neocor,Neotropic Cormorant,Nannopterum brasilianum,7349,Phalacrocoracidae,
whiibi,White Ibis,Eudocimus albus,7377,Threskiornithidae,
gloibi,Glossy Ibis,Plegadis falcinellus,7382,Threskiornithidae,
whfibi,White-faced Ibis,Plegadis chihi,7383,Threskiornithidae,
rosspo1,Roseate Spoonbill,Platalea ajaja,7446,Threskiornithidae,
btther1,Bare-throated Tiger-Heron,Tigrisoma mexicanum,7453,Ardeidae,
bobher1,Boat-billed Heron,Cochlearius cochlearius,7459,Ardeidae,
agaher1,Agami Heron,Agamia agami,7467,Ardeidae,agami-heron
amebit,American Bittern,Botaurus lentiginosus,7473,Ardeidae,
pinbit1,Pinnated Bittern,Botaurus pinnatus,7474,Ardeidae,
leabit,Least Bittern,Botaurus exilis,7478,Ardeidae,
ycnher,Yellow-crowned Night Heron,Nyctanassa violacea,7504,Ardeidae,
bcnher,Black-crowned Night Heron,Nycticorax nycticorax,7513,Ardeidae,
libher,Little Blue Heron,Egretta caerulea,7542,Ardeidae,
triher,Tricolored Heron,Egretta tricolor,7543,Ardeidae,
redegr,Reddish Egret,Egretta rufescens,7547,Ardeidae,
snoegr,Snowy Egret,Egretta thula,7557,Ardeidae,
grnher,Green Heron,Butorides virescens,7611,Ardeidae,
categr1,Western Cattle-Egret,Ardea ibis,7631,Ardeidae,
greegr,Great Egret,Ardea alba,7635,Ardeidae,
grbher3,Great Blue Heron,Ardea herodias,7658,Ardeidae,
amwpel,American White Pelican,Pelecanus erythrorhynchos,7696,Pelecanidae,
brnpel,Brown Pelican,Pelecanus occidentalis,7697,Pelecanidae,
calcon,California Condor,Gymnogyps californianus,7713,Cathartidae,
kinvul1,King Vulture,Sarcoramphus papa,7714,Cathartidae,king-vulture
blkvul,Black Vulture,Coragyps atratus,7716,Cathartidae,
turvul,Turkey Vulture,Cathartes aura,7720,Cathartidae,
lyhvul1,Lesser Yellow-headed Vulture,Cathartes burrovianus,7728,Cathartidae,
osprey,Osprey,Pandion haliaetus,7737,Pandionidae,
whtkit,White-tailed Kite,Elanus leucurus,7748,Accipitridae,
hobkit,Hook-billed Kite,Chondrohierax uncinatus,7772,Accipitridae,
grhkit1,Gray-headed Kite,Leptodon cayanensis,7776,Accipitridae,
swtkit,Swallow-tailed Kite,Elanoides forficatus,7826,Accipitridae,
blheag1,Black Hawk-Eagle,Spizaetus tyrannus,7926,Accipitridae,
bawhae1,Black-and-white Hawk-Eagle,Spizaetus melanoleucus,7929,Accipitridae,black-and-white-hawk-eagle
orheag1,Ornate Hawk-Eagle,Spizaetus ornatus,7930,Accipitridae,ornate-hawk-eagle
goleag,Golden Eagle,Aquila chrysaetos,7969,Accipitridae,
shshaw,Sharp-shinned Hawk,Accipiter striatus,8161,Accipitridae,
bichaw1,Bicolored Hawk,Astur bicolor,8174,Accipitridae,
coohaw,Cooper's Hawk,Astur cooperii,8183,Accipitridae,
norgos,American Goshawk,Astur atricapillus,8197,Accipitridae,
norhar2,Northern Harrier,Circus hudsonius,8228,Accipitridae,
dotkit1,Double-toothed Kite,Harpagus bidentatus,8242,Accipitridae,
baleag,Bald Eagle,Haliaeetus leucocephalus,8271,Accipitridae,
miskit,Mississippi Kite,Ictinia mississippiensis,8292,Accipitridae,
plukit1,Plumbeous Kite,Ictinia plumbea,8293,Accipitridae,
crahaw,Crane Hawk,Geranospiza caerulescens,8295,Accipitridae,
blchaw1,Black-collared Hawk,Busarellus nigricollis,8304,Accipitridae,
snakit,Snail Kite,Rostrhamus sociabilis,8307,Accipitridae,
comblh1,Common Black Hawk,Buteogallus anthracinus,8315,Accipitridae,
grbhaw1,Great Black Hawk,Buteogallus urubitinga,8325,Accipitridae,
soleag1,Solitary Eagle,Buteogallus solitarius,8329,Accipitridae,
roahaw,Roadside Hawk,Rupornis magnirostris,8334,Accipitridae,
hrshaw,Harris's Hawk,Parabuteo unicinctus,8349,Accipitridae,
whthaw,White-tailed Hawk,Geranoaetus albicaudatus,8353,Accipitridae,
whihaw1,White Hawk,Pseudastur albicollis,8367,Accipitridae,
gryhaw2,Gray Hawk,Buteo plagiatus,8377,Accipitridae,
brwhaw,Broad-winged Hawk,Buteo platypterus,8383,Accipitridae,
reshaw,Red-shouldered Hawk,Buteo lineatus,8391,Accipitridae,
zothaw,Zone-tailed Hawk,Buteo albonotatus,8402,Accipitridae,
shthaw,Short-tailed Hawk,Buteo brachyurus,8405,Accipitridae,
swahaw,Swainson's Hawk,Buteo swainsoni,8408,Accipitridae,
rethaw,Red-tailed Hawk,Buteo jamaicensis,8410,Accipitridae,
ferhaw,Ferruginous Hawk,Buteo regalis,8439,Accipitridae,
brnowl,American Barn Owl,Tyto furcata,8537,Tytonidae,
flaowl,Flammulated Owl,Psiloscops flammeolus,8699,Strigidae,
whsowl1,Whiskered Screech-Owl,Megascops trichopsis,8704,Strigidae,
vesowl,Middle American Screech-Owl,Megascops guatemalae,8735,Strigidae,middle-american-screech-owl
besowl,Bearded Screech-Owl,Megascops barbarus,8754,Strigidae,
basowl,Balsas Screech-Owl,Megascops seductus,8755,Strigidae,
pasowl4,Pacific Screech-Owl,Megascops cooperi,8756,Strigidae,pacific-screech-owl
wesowl1,Western Screech-Owl,Megascops kennicottii,8759,Strigidae,
easowl1,Eastern Screech-Owl,Megascops asio,8770,Strigidae,
creowl1,Crested Owl,Lophostrix cristata,8793,Strigidae,crested-owl
speowl1,Spectacled Owl,Pulsatrix perspicillata,8798,Strigidae,spectacled-owl
grhowl,Great Horned Owl,Bubo virginianus,8811,Strigidae,
nopowl,Northern Pygmy-Owl,Glaucidium gnoma,8910,Strigidae,
capowl1,Central American Pygmy-Owl,Glaucidium griseiceps,8924,Strigidae,
tapowl1,Tamaulipas Pygmy-Owl,Glaucidium sanchezi,8928,Strigidae,
copowl1,Colima Pygmy-Owl,Glaucidium palmarum,8929,Strigidae,
fepowl,Ferruginous Pygmy-Owl,Glaucidium brasilianum,8936,Strigidae,
elfowl,Elf Owl,Micrathene whitneyi,8994,Strigidae,
burowl,Burrowing Owl,Athene cunicularia,9032,Strigidae,
motowl,Mottled Owl,Strix virgata,9056,Strigidae,
bawowl1,Black-and-white Owl,Strix nigrolineata,9066,Strigidae,black-and-white-owl
spoowl,Spotted Owl,Strix occidentalis,9113,Strigidae,
barowl13,Cinereous Owl,Strix sartorii,9123,Strigidae,
fulowl1,Fulvous Owl,Strix fulvescens,9124,Strigidae,
loeowl,Long-eared Owl,Asio otus,9151,Strigidae,
strowl1,Striped Owl,Asio clamator,9162,Strigidae,
styowl1,Stygian Owl,Asio stygius,9167,Strigidae,
sheowl,Short-eared Owl,Asio flammeus,9174,Strigidae,
nswowl,Northern Saw-whet Owl,Aegolius acadicus,9202,Strigidae,
uswowl1,Unspotted Saw-whet Owl,Aegolius ridgwayi,9207,Strigidae,
earque,Eared Quetzal,Euptilotis neoxenus,9399,Trogonidae,
resque1,Resplendent Quetzal,Pharomachrus mocinno,9404,Trogonidae,resplendent-quetzal
slttro1,Slaty-tailed Trogon,Trogon massena,9418,Trogonidae,slaty-tailed-trogon
blhtro1,Black-headed Trogon,Trogon melanocephalus,9430,Trogonidae,black-headed-trogon
cittro1,Citreoline Trogon,Trogon citreolus,9433,Trogonidae,citreoline-trogon
gartro1,Gartered Trogon,Trogon caligatus,9439,Trogonidae,gartered-trogon
eletro,Elegant Trogon,Trogon elegans,9465,Trogonidae,
moutro1,Mountain Trogon,Trogon mexicanus,9473,Trogonidae,mountain-trogon
coltro1,Collared Trogon,Trogon collaris,9476,Trogonidae,
todmot1,Tody Motmot,Hylomanes momotula,9744,Momotidae,
bltmot1,Blue-throated Motmot,Aspatha gularis,9748,Momotidae,blue-throated-motmot
rucmot1,Russet-crowned Motmot,Momotus mexicanus,9749,Momotidae,russet-crowned-motmot
bucmot1,Blue-capped Motmot,Momotus coeruliceps,9754,Momotidae,
bucmot2,Lesson's Motmot,Momotus lessonii,9755,Momotidae,
tubmot1,Turquoise-browed Motmot,Eumomota superciliosa,9798,Momotidae,turquoise-browed-motmot
rinkin1,Ringed Kingfisher,Megaceryle torquata,10197,Alcedinidae,
belkin1,Belted Kingfisher,Megaceryle alcyon,10202,Alcedinidae,
amakin1,Amazon Kingfisher,Chloroceryle amazona,10208,Alcedinidae,
ampkin1,American Pygmy Kingfisher,Chloroceryle aenea,10209,Alcedinidae,
grnkin,Green Kingfisher,Chloroceryle americana,10212,Alcedinidae,
whnpuf2,White-necked Puffbird,Notharchus hyperrhynchus,10273,Bucconidae,
whwpuf1,White-whiskered Puffbird,Malacoptila panamensis,10319,Bucconidae,
rutjac1,Rufous-tailed Jacamar,Galbula ruficauda,10393,Galbulidae,
noremt1,Northern Emerald-Toucanet,Aulacorhynchus prasinus,10729,Ramphastidae,northern-emerald-toucanet
colara1,Collared Aracari,Pteroglossus torquatus,10778,Ramphastidae,collared-aracari
kebtou1,Keel-billed Toucan,Ramphastos sulfuratus,10827,Ramphastidae,keel-billed-toucan
wilsap,Williamson's Sapsucker,Sphyrapicus thyroideus,11013,Picidae,
yebsap,Yellow-bellied Sapsucker,Sphyrapicus varius,11016,Picidae,
rensap,Red-naped Sapsucker,Sphyrapicus nuchalis,11017,Picidae,
rebsap,Red-breasted Sapsucker,Sphyrapicus ruber,11020,Picidae,
acowoo,Acorn Woodpecker,Melanerpes formicivorus,11036,Picidae,
blcwoo1,Black-cheeked Woodpecker,Melanerpes pucherani,11049,Picidae,
gocwoo1,Golden-cheeked Woodpecker,Melanerpes chrysogenys,11053,Picidae,
grbwoo1,Gray-breasted Woodpecker,Melanerpes hypopolius,11056,Picidae,
yucwoo,Yucatan Woodpecker,Melanerpes pygmaeus,11057,Picidae,
gilwoo,Gila Woodpecker,Melanerpes uropygialis,11066,Picidae,
gofwoo,Golden-fronted Woodpecker,Melanerpes aurifrons,11072,Picidae,
dowwoo,Downy Woodpecker,Dryobates pubescens,11287,Picidae,
nutwoo,Nuttall's Woodpecker,Dryobates nuttallii,11297,Picidae,
labwoo,Ladder-backed Woodpecker,Dryobates scalaris,11299,Picidae,
haiwoo,Hairy Woodpecker,Dryobates villosus,11314,Picidae,
smbwoo1,Smoky-brown Woodpecker,Dryobates fumigatus,11342,Picidae,
strwoo,Strickland's Woodpecker,Dryobates stricklandi,11348,Picidae,
ariwoo,Arizona Woodpecker,Dryobates arizonae,11349,Picidae,
pabwoo1,Pale-billed Woodpecker,Campephilus guatemalensis,11447,Picidae,
linwoo1,Lineated Woodpecker,Dryocopus lineatus,11639,Picidae,
chcwoo1,Chestnut-colored Woodpecker,Celeus castaneus,11683,Picidae,
goowoo1,Golden-olive Woodpecker,Colaptes rubiginosus,11737,Picidae,
grcwoo1,Gray-crowned Woodpecker,Colaptes auricularis,11758,Picidae,
norfli,Northern Flicker,Colaptes auratus,11785,Picidae,
norfli1,Guatemalan Flicker,Colaptes mexicanoides,11798,Picidae,guatemalan-flicker
gilfli,Gilded Flicker,Colaptes chrysoides,11799,Picidae,
laufal1,Laughing Falcon,Herpetotheres cachinnans,11824,Falconidae,
coffal1,Collared Forest-Falcon,Micrastur semitorquatus,11828,Falconidae,
baffal1,Barred Forest-Falcon,Micrastur ruficollis,11832,Falconidae,
y00678,Crested Caracara,Caracara plancus,11847,Falconidae,
yehcar1,Yellow-headed Caracara,Daptrius chimachima,11851,Falconidae,
amekes,American Kestrel,Falco sparverius,11913,Falconidae,
merlin,Merlin,Falco columbarius,11947,Falconidae,
aplfal,Aplomado Falcon,Falco femoralis,11975,Falconidae,
batfal1,Bat Falcon,Falco rufigularis,11979,Falconidae,
perfal,Peregrine Falcon,Falco peregrinus,11997,Falconidae,
prafal,Prairie Falcon,Falco mexicanus,12019,Falconidae,
cockat,Cockatiel,Nymphicus hollandicus,12051,Cacatuidae,
budger,Budgerigar,Melopsittacus undulatus,12440,Psittaculidae,
peflov,Rosy-faced Lovebird,Agapornis roseicollis,12626,Psittaculidae,
fislov1,Fischer's Lovebird,Agapornis fischeri,12630,Psittaculidae,
yeclov,Yellow-collared Lovebird,Agapornis personatus,12632,Psittaculidae,
barpar1,Barred Parakeet,Bolborhynchus lineola,12693,Psittacidae,barred-parakeet
monpar,Monk Parakeet,Myiopsitta monachus,12701,Psittacidae,
orcpar,Orange-chinned Parakeet,Brotogeris jugularis,12718,Psittacidae,
brhpar1,Brown-hooded Parrot,Pyrilia haematotis,12743,Psittacidae,
whcpar,White-crowned Parrot,Pionus senilis,12776,Psittacidae,
recpar,Red-crowned Amazon,Amazona viridigenalis,12787,Psittacidae,
licpar,Lilac-crowned Amazon,Amazona finschi,12788,Psittacidae,
relpar,Red-lored Amazon,Amazona autumnalis,12791,Psittacidae,red-lored-amazon
yenpar1,Yellow-naped Amazon,Amazona auropalliata,12803,Psittacidae,yellow-naped-amazon
yehpar,Yellow-headed Amazon,Amazona oratrix,12807,Psittacidae,yellow-headed-amazon
whfpar1,White-fronted Amazon,Amazona albifrons,12825,Psittacidae,
yelpar1,Yellow-lored Amazon,Amazona xantholora,12829,Psittacidae,
meapar,Mealy Amazon,Amazona farinosa,12842,Psittacidae,
mexpar1,Mexican Parrotlet,Forpus cyanopygius,12863,Psittacidae,
burpar,Burrowing Parakeet,Cyanoliseus patagonus,12960,Psittacidae,
thbpar,Thick-billed Parrot,Rhynchopsitta pachyrhyncha,12969,Psittacidae,
mafpar1,Maroon-fronted Parrot,Rhynchopsitta terrisi,12970,Psittacidae,
oltpar1,Olive-throated Parakeet,Eupsittula nana,12971,Psittacidae,
orfpar,Orange-fronted Parakeet,Eupsittula canicularis,12976,Psittacidae,
baymac,Blue-and-yellow Macaw,Ara ararauna,13016,Psittacidae,
milmac,Military Macaw,Ara militaris,13021,Psittacidae,
scamac1,Scarlet Macaw,Ara macao,13028,Psittacidae,scarlet-macaw
bucpar,Blue-crowned Parakeet,Thectocercus acuticaudatus,13040,Psittacidae,
grnpar,Green Parakeet,Psittacara holochlorus,13054,Psittacidae,green-parakeet
pacpar1,Pacific Parakeet,Psittacara strenuus,13060,Psittacidae,pacific-parakeet
mitpar,Mitred Parakeet,Psittacara mitratus,13072,Psittacidae,
greant1,Great Antshrike,Taraba major,13339,Thamnophilidae,
barant1,Barred Antshrike,Thamnophilus doliatus,13366,Thamnophilidae,
rusant1,Russet Antshrike,Thamnistes anabatinus,13489,Thamnophilidae,
plaant1,Plain Antvireo,Dysithamnus mentalis,13502,Thamnophilidae,
dowant1,Dot-winged Antwren,Microrhopias quixensis,13685,Thamnophilidae,
dusant1,Dusky Antbird,Cercomacroides tyrannina,13774,Thamnophilidae,
scaant1,Scaled Antpitta,Grallaria guatimalensis,14071,Grallariidae,
bkfant2,Mayan Antthrush,Formicarius moniliger,14329,Formicariidae,
tatlea1,Middle American Leaftosser,Sclerurus mexicanus,14385,Furnariidae,
sctlea1,Scaly-throated Leaftosser,Sclerurus guatemalensis,14399,Furnariidae,
oliwoo1,Olivaceous Woodcreeper,Sittasomus griseicapillus,14463,Furnariidae,
rudwoo1,Ruddy Woodcreeper,Dendrocincla homochroa,14503,Furnariidae,
tawwoo1,Tawny-winged Woodcreeper,Dendrocincla anabatina,14508,Furnariidae,
webwoo1,Wedge-billed Woodcreeper,Glyphorynchus spirurus,14531,Furnariidae,
nobwoo1,Northern Barred-Woodcreeper,Dendrocolaptes sanctithomae,14555,Furnariidae,
blbwoo1,Black-banded Woodcreeper,Dendrocolaptes picumnus,14571,Furnariidae,
stbwoo1,Strong-billed Woodcreeper,Xiphocolaptes promeropirhynchus,14598,Furnariidae,
ivbwoo1,Ivory-billed Woodcreeper,Xiphorhynchus flavigaster,14693,Furnariidae,
spowoo1,Spotted Woodcreeper,Xiphorhynchus erythropygius,14706,Furnariidae,
sthwoo1,Streak-headed Woodcreeper,Lepidocolaptes souleyetii,14767,Furnariidae,
whswoo1,White-striped Woodcreeper,Lepidocolaptes leucogaster,14784,Furnariidae,
spcwoo1,Spot-crowned Woodcreeper,Lepidocolaptes affinis,14787,Furnariidae,
plaxen2,Northern Plain-Xenops,Xenops mexicanus,14819,Furnariidae,
stfgle1,Scaly-throated Foliage-gleaner,Anabacerthia variegaticeps,14992,Furnariidae,
rufgle1,Ruddy Foliage-gleaner,Clibanornis rubiginosus,15058,Furnariidae,
butfog9,Fawn-throated Foliage-gleaner,Automolus cervinigularis,15102,Furnariidae,
rubspi2,Rufous-breasted Spinetail,Synallaxis erythrothorax,15484,Furnariidae,
lotman1,Long-tailed Manakin,Chiroxiphia linearis,15536,Pipridae,long-tailed-manakin
whcman1,White-collared Manakin,Manacus candei,15600,Pipridae,white-collared-manakin
recman1,Red-capped Manakin,Ceratopipra mentalis,15672,Pipridae,red-capped-manakin
lovcot1,Lovely Cotinga,Cotinga amabilis,15758,Cotingidae,lovely-cotinga
rufpih1,Rufous Piha,Lipaugus unirufus,15766,Cotingidae,
blctit1,Black-crowned Tityra,Tityra inquisitor,15798,Tityridae,
mastit1,Masked Tityra,Tityra semifasciata,15806,Tityridae,
thlsch2,Northern Schiffornis,Schiffornis veraepacis,15821,Tityridae,
spemou1,Speckled Mourner,Laniocera rufescens,15841,Tityridae,
cinbec1,Cinnamon Becard,Pachyramphus cinnamomeus,15874,Tityridae,
whwbec1,White-winged Becard,Pachyramphus polychopterus,15885,Tityridae,
grcbec1,Gray-collared Becard,Pachyramphus major,15899,Tityridae,
rotbec,Rose-throated Becard,Pachyramphus aglaiae,15910,Tityridae,
royfly1,Tropical Royal Flycatcher,Onychorhynchus coronatus,15938,Oxyruncidae,
rutfly2,Ruddy-tailed Flycatcher,Terenotriccus erythrurus,15947,Oxyruncidae,
surfly1,Sulphur-rumped Flycatcher,Myiobius sulphureipygius,15961,Oxyruncidae,
sttspa1,Stub-tailed Spadebill,Platyrinchus cancrominus,16001,Tyrannidae,stub-tailed-spadebill
ocbfly1,Ochre-bellied Flycatcher,Mionectes oleagineus,16051,Tyrannidae,
secfly1,Sepia-capped Flycatcher,Leptopogon amaurocephalus,16070,Tyrannidae,
norben1,Northern Bentbill,Oncostoma cinereigulare,16161,Tyrannidae,
shtfly1,Slate-headed Tody-Flycatcher,Poecilotriccus sylvia,16247,Tyrannidae,
cotfly1,Common Tody-Flycatcher,Todirostrum cinereum,16266,Tyrannidae,
eyrfla1,Eye-ringed Flatbill,Rhynchocyclus brevirostris,16290,Tyrannidae,
yeofly1,Yellow-olive Flatbill,Tolmomyias sulphurescens,16312,Tyrannidae,
yebtyr1,Yellow-bellied Tyrannulet,Ornithion semiflavum,16385,Tyrannidae,
nobtyr,Northern Beardless-Tyrannulet,Camptostoma imberbe,16388,Tyrannidae,
greela,Greenish Elaenia,Myiopagis viridicata,16504,Tyrannidae,
yebela1,Yellow-bellied Elaenia,Elaenia flavogaster,16530,Tyrannidae,
mouela1,Mountain Elaenia,Elaenia frantzii,16557,Tyrannidae,
carela1,Caribbean Elaenia,Elaenia martinica,16565,Tyrannidae,
paltyr2,Guatemalan Tyrannulet,Zimmerius vilissimus,16632,Tyrannidae,guatemalan-tyrannulet
belfly1,Belted Flycatcher,Xenotriccus callizonus,16714,Tyrannidae,belted-flycatcher
pilfly1,Pileated Flycatcher,Xenotriccus mexicanus,16715,Tyrannidae,
tuffly,Tufted Flycatcher,Mitrephanes phaeocercus,16716,Tyrannidae,
olsfly,Olive-sided Flycatcher,Contopus cooperi,16723,Tyrannidae,
grepew,Greater Pewee,Contopus pertinax,16725,Tyrannidae,
wewpew,Western Wood-Pewee,Contopus sordidulus,16745,Tyrannidae,
tropew4,Northern Tropical Pewee,Contopus bogotensis,16750,Tyrannidae,
eawpew,Eastern Wood-Pewee,Contopus virens,16757,Tyrannidae,
yebfly,Yellow-bellied Flycatcher,Empidonax flaviventris,16782,Tyrannidae,
acafly,Acadian Flycatcher,Empidonax virescens,16783,Tyrannidae,
aldfly,Alder Flycatcher,Empidonax alnorum,16784,Tyrannidae,
wilfly,Willow Flycatcher,Empidonax traillii,16785,Tyrannidae,
whtfly1,White-throated Flycatcher,Empidonax albigularis,16792,Tyrannidae,
leafly,Least Flycatcher,Empidonax minimus,16796,Tyrannidae,
hamfly,Hammond's Flycatcher,Empidonax hammondii,16797,Tyrannidae,
gryfly,Gray Flycatcher,Empidonax wrightii,16798,Tyrannidae,
dusfly,Dusky Flycatcher,Empidonax oberholseri,16799,Tyrannidae,
pinfly1,Pine Flycatcher,Empidonax affinis,16802,Tyrannidae,pine-flycatcher
wesfly,Western Flycatcher,Empidonax difficilis,16808,Tyrannidae,
yelfly1,Yellowish Flycatcher,Empidonax flavescens,16817,Tyrannidae,yellowish-flycatcher
bubfly,Buff-breasted Flycatcher,Empidonax fulvifrons,16822,Tyrannidae,
blkpho,Black Phoebe,Sayornis nigricans,16831,Tyrannidae,
easpho,Eastern Phoebe,Sayornis phoebe,16840,Tyrannidae,
saypho,Say's Phoebe,Sayornis saya,16843,Tyrannidae,
verfly,Vermilion Flycatcher,Pyrocephalus rubinus,16862,Tyrannidae,
flafly1,Flammulated Flycatcher,Ramphotrigon flammulatum,17066,Tyrannidae,flammulated-flycatcher
brratt1,Bright-rumped Attila,Attila spadiceus,17079,Tyrannidae,
rufmou1,Rufous Mourner,Rhytipterna holerythra,17104,Tyrannidae,
yucfly1,Yucatan Flycatcher,Myiarchus yucatanensis,17112,Tyrannidae,
ducfly,Dusky-capped Flycatcher,Myiarchus tuberculifer,17117,Tyrannidae,salvadoran-flycatcher
astfly,Ash-throated Flycatcher,Myiarchus cinerascens,17156,Tyrannidae,
nutfly,Nutting's Flycatcher,Myiarchus nuttingi,17159,Tyrannidae,
grcfly,Great Crested Flycatcher,Myiarchus crinitus,17165,Tyrannidae,
bncfly,Brown-crested Flycatcher,Myiarchus tyrannulus,17166,Tyrannidae,
grekis,Great Kiskadee,Pitangus sulphuratus,17199,Tyrannidae,
bobfly1,Boat-billed Flycatcher,Megarynchus pitangua,17210,Tyrannidae,
socfly1,Social Flycatcher,Myiozetetes similis,17223,Tyrannidae,
strfly1,Streaked Flycatcher,Myiodynastes maculatus,17260,Tyrannidae,
subfly,Sulphur-bellied Flycatcher,Myiodynastes luteiventris,17269,Tyrannidae,
pirfly1,Piratic Flycatcher,Legatus leucophaius,17271,Tyrannidae,
trokin,Tropical Kingbird,Tyrannus melancholicus,17283,Tyrannidae,
coukin,Couch's Kingbird,Tyrannus couchii,17290,Tyrannidae,
caskin,Cassin's Kingbird,Tyrannus vociferans,17292,Tyrannidae,
thbkin,Thick-billed Kingbird,Tyrannus crassirostris,17295,Tyrannidae,
weskin,Western Kingbird,Tyrannus verticalis,17298,Tyrannidae,
easkin,Eastern Kingbird,Tyrannus tyrannus,17302,Tyrannidae,
grykin,Gray Kingbird,Tyrannus dominicensis,17304,Tyrannidae,
sctfly,Scissor-tailed Flycatcher,Tyrannus forficatus,17318,Tyrannidae,
fotfly,Fork-tailed Flycatcher,Tyrannus savana,17322,Tyrannidae,
rubpep1,Rufous-browed Peppershrike,Cyclarhis gujanensis,18853,Vireonidae,
cssvir1,Chestnut-sided Shrike-Vireo,Vireolanius melitophrys,18907,Vireonidae,
grsvir1,Green Shrike-Vireo,Vireolanius pulchellus,18910,Vireonidae,green-shrike-vireo
tacgre1,Tawny-crowned Greenlet,Tunchiornis ochraceiceps,18924,Vireonidae,
lesgre1,Lesser Greenlet,Pachysylvia decurtata,18937,Vireonidae,
golvir1,Golden Vireo,Vireo hypochryseus,18958,Vireonidae,
slavir1,Slaty Vireo,Vireo brevipennis,18963,Vireonidae,
bkcvir1,Black-capped Vireo,Vireo atricapilla,18964,Vireonidae,
dwavir1,Dwarf Vireo,Vireo nelsoni,18965,Vireonidae,
whevir,White-eyed Vireo,Vireo griseus,18966,Vireonidae,
manvir1,Mangrove Vireo,Vireo pallens,18981,Vireonidae,
cozvir1,Cozumel Vireo,Vireo bairdi,18992,Vireonidae,
belvir,Bell's Vireo,Vireo bellii,18998,Vireonidae,
gryvir,Gray Vireo,Vireo vicinior,19004,Vireonidae,
hutvir,Hutton's Vireo,Vireo huttoni,19005,Vireonidae,
yetvir,Yellow-throated Vireo,Vireo flavifrons,19021,Vireonidae,
casvir,Cassin's Vireo,Vireo cassinii,19024,Vireonidae,
buhvir,Blue-headed Vireo,Vireo solitarius,19027,Vireonidae,
plsvir,Plumbeous Vireo,Vireo plumbeus,19032,Vireonidae,
phivir,Philadelphia Vireo,Vireo philadelphicus,19044,Vireonidae,
warvir,Warbling Vireo,Vireo gilvus,19045,Vireonidae,
brcvir1,Brown-capped Vireo,Vireo leucophrys,19053,Vireonidae,
reevir1,Red-eyed Vireo,Vireo olivaceus,19067,Vireonidae,
yegvir,Yellow-green Vireo,Vireo flavoviridis,19085,Vireonidae,
bkwvir,Black-whiskered Vireo,Vireo altiloquus,19092,Vireonidae,
yucvir,Yucatan Vireo,Vireo magister,19100,Vireonidae,
logshr,Loggerhead Shrike,Lanius ludovicianus,20860,Laniidae,
whtjay1,White-throated Jay,Cyanolyca mirabilis,20965,Corvidae,
dwajay1,Dwarf Jay,Cyanolyca nanus,20966,Corvidae,
bltjay1,Black-throated Jay,Cyanolyca pumilo,20967,Corvidae,black-throated-jay
azhjay1,Azure-hooded Jay,Cyanolyca cucullata,20971,Corvidae,azure-hooded-jay
btmjay,Black-throated Magpie-Jay,Cyanocorax colliei,20987,Corvidae,
wtmjay1,White-throated Magpie-Jay,Cyanocorax formosus,20988,Corvidae,white-throated-magpie-jay
brnjay,Brown Jay,Cyanocorax morio,20994,Corvidae,
grnjay,Green Jay,Cyanocorax yncas,21005,Corvidae,
yucjay1,Yucatan Jay,Cyanocorax yucatanicus,21023,Corvidae,
pubjay1,Purplish-backed Jay,Cyanocorax beecheii,21026,Corvidae,
sabjay,San Blas Jay,Cyanocorax sanblasianus,21027,Corvidae,
tufjay1,Tufted Jay,Cyanocorax dickeyi,21030,Corvidae,
pinjay,Pinyon Jay,Gymnorhinus cyanocephalus,21045,Corvidae,
stejay,Steller's Jay,Cyanocitta stelleri,21046,Corvidae,
cowscj1,California Scrub-Jay,Aphelocoma californica,21075,Corvidae,
wooscj2,Woodhouse's Scrub-Jay,Aphelocoma woodhouseii,21085,Corvidae,
mexjay4,Mexican Jay,Aphelocoma wollweberi,21097,Corvidae,
mexjay3,Transvolcanic Jay,Aphelocoma ultramarina,21104,Corvidae,
unijay1,Unicolored Jay,Aphelocoma unicolor,21108,Corvidae,unicolored-jay
clanut,Clark's Nutcracker,Nucifraga columbiana,21260,Corvidae,
amecro,American Crow,Corvus brachyrhynchos,21333,Corvidae,
tamcro,Tamaulipas Crow,Corvus imparatus,21344,Corvidae,
sincro1,Sinaloa Crow,Corvus sinaloae,21345,Corvidae,
chirav,Chihuahuan Raven,Corvus cryptoleucus,21350,Corvidae,
comrav,Common Raven,Corvus corax,21400,Corvidae,
mouchi,Mountain Chickadee,Poecile gambeli,21853,Paridae,
mexchi,Mexican Chickadee,Poecile sclateri,21864,Paridae,
britit,Bridled Titmouse,Baeolophus wollweberi,21921,Paridae,
oaktit,Oak Titmouse,Baeolophus inornatus,21926,Paridae,
blctit4,Black-crested Titmouse,Baeolophus atricristatus,21939,Paridae,
verdin,Verdin,Auriparus flaviceps,22045,Remizidae,
horlar,Horned Lark,Eremophila alpestris,22484,Alaudidae,
banswa,Bank Swallow,Riparia riparia,23821,Hirundinidae,
treswa,Tree Swallow,Tachycineta bicolor,23834,Hirundinidae,
manswa1,Mangrove Swallow,Tachycineta albilinea,23840,Hirundinidae,
vigswa,Violet-green Swallow,Tachycineta thalassina,23844,Hirundinidae,
purmar,Purple Martin,Progne subis,23851,Hirundinidae,
sinmar1,Sinaloa Martin,Progne sinaloae,23860,Hirundinidae,
gybmar,Gray-breasted Martin,Progne chalybea,23863,Hirundinidae,
nrwswa,Northern Rough-winged Swallow,Stelgidopteryx serripennis,23876,Hirundinidae,
blcswa1,Black-capped Swallow,Atticora pileata,23892,Hirundinidae,black-capped-swallow
barswa,Barn Swallow,Hirundo rustica,23957,Hirundinidae,
cliswa,Cliff Swallow,Petrochelidon pyrrhonota,24051,Hirundinidae,
cavswa,Cave Swallow,Petrochelidon fulva,24059,Hirundinidae,
bushti,Bushtit,Psaltriparus minimus,25018,Aegithalidae,
wrenti,Wrentit,Chamaea fasciata,25194,Sylviidae,
swiwhe1,Swinhoe's White-eye,Zosterops simplex,25379,Zosteropidae,
ruckin,Ruby-crowned Kinglet,Corthylio calendula,26595,Regulidae,
gockin,Golden-crowned Kinglet,Regulus satrapa,26599,Regulidae,
whbnut,White-breasted Nuthatch,Sitta carolinensis,26640,Sittidae,
pygnut,Pygmy Nuthatch,Sitta pygmaea,26675,Sittidae,
rebnut,Red-breasted Nuthatch,Sitta canadensis,26688,Sittidae,
brncre,Brown Creeper,Certhia americana,26777,Certhiidae,
lobgna5,Long-billed Gnatwren,Ramphocaenus melanurus,26825,Polioptilidae,
whlgna3,Yucatan Gnatcatcher,Polioptila albiventris,26867,Polioptilidae,
trogna2,White-browed Gnatcatcher,Polioptila bilineata,26868,Polioptilidae,
buggna,Blue-gray Gnatcatcher,Polioptila caerulea,26874,Polioptilidae,
bktgna,Black-tailed Gnatcatcher,Polioptila melanura,26884,Polioptilidae,
calgna,California Gnatcatcher,Polioptila californica,26888,Polioptilidae,
bkcgna,Black-capped Gnatcatcher,Polioptila nigriceps,26892,Polioptilidae,
whlgna2,White-lored Gnatcatcher,Polioptila albiloris,26896,Polioptilidae,
rocwre,Rock Wren,Salpinctes obsoletus,26901,Troglodytidae,
nigwre1,Nightingale Wren,Microcerculus philomela,26912,Troglodytidae,
canwre,Canyon Wren,Catherpes mexicanus,26935,Troglodytidae,
sumwre1,Sumichrast's Wren,Hylorchilus sumichrasti,26939,Troglodytidae,
navwre1,Nava's Wren,Hylorchilus navai,26940,Troglodytidae,nava-s-wren
houwre,Northern House Wren,Troglodytes aedon,26942,Troglodytidae,
houwre3,Cozumel Wren,Troglodytes beani,26952,Troglodytidae,
houwre4,Southern House Wren,Troglodytes musculus,26960,Troglodytidae,
socwre2,Socorro Wren,Troglodytes sissonii,26984,Troglodytidae,
clawre1,Clarion Wren,Troglodytes tanneri,26985,Troglodytidae,
rubwre2,Rufous-browed Wren,Troglodytes rufociliatus,26986,Troglodytidae,rufous-browed-wren
winwre3,Winter Wren,Troglodytes hiemalis,27054,Troglodytidae,
sedwre1,Sedge Wren,Cistothorus stellaris,27062,Troglodytidae,
sedwre,Grass Wren,Cistothorus platensis,27063,Troglodytidae,
marwre,Marsh Wren,Cistothorus palustris,27088,Troglodytidae,
carwre,Carolina Wren,Thryothorus ludovicianus,27107,Troglodytidae,
bewwre,Bewick's Wren,Thryomanes bewickii,27121,Troglodytidae,
babwre1,Band-backed Wren,Campylorhynchus zonatus,27142,Troglodytidae,
grbwre1,Gray-barred Wren,Campylorhynchus megalopterus,27154,Troglodytidae,
giawre1,Giant Wren,Campylorhynchus chiapensis,27157,Troglodytidae,giant-wren
runwre3,Russet-naped Wren,Campylorhynchus humilis,27158,Troglodytidae,russet-naped-wren
runwre2,Veracruz Wren,Campylorhynchus rufinucha,27159,Troglodytidae,
runwre4,Rufous-backed Wren,Campylorhynchus capistratus,27160,Troglodytidae,rufous-backed-wren
spowre1,Spotted Wren,Campylorhynchus gularis,27168,Troglodytidae,
bouwre1,Boucard's Wren,Campylorhynchus jocosus,27169,Troglodytidae,
yucwre1,Yucatan Wren,Campylorhynchus yucatanicus,27170,Troglodytidae,
cacwre,Cactus Wren,Campylorhynchus brunneicapillus,27171,Troglodytidae,
spbwre1,Spot-breasted Wren,Pheugopedius maculipectus,27250,Troglodytidae,
hapwre1,Happy Wren,Pheugopedius felix,27261,Troglodytidae,
sinwre1,Sinaloa Wren,Thryophilus sinaloa,27270,Troglodytidae,
banwre1,Banded Wren,Thryophilus pleurostictus,27274,Troglodytidae,
rawwre1,Rufous-and-white Wren,Thryophilus rufalbus,27282,Troglodytidae,
plawre1,Cabanis's Wren,Cantorchilus modestus,27294,Troglodytidae,
whbwre1,White-bellied Wren,Uropsila leucogastra,27344,Troglodytidae,white-bellied-wren
wbwwre1,White-breasted Wood-Wren,Henicorhina leucosticta,27353,Troglodytidae,
gbwwre1,Gray-breasted Wood-Wren,Henicorhina leucophrys,27371,Troglodytidae,
amedip,American Dipper,Cinclus mexicanus,27427,Cinclidae,
eursta,European Starling,Sturnus vulgaris,27571,Sturnidae,
blumoc,Blue Mockingbird,Melanotis caerulescens,27753,Mimidae,
bawmoc1,Blue-and-white Mockingbird,Melanotis hypoleucus,27756,Mimidae,blue-and-white-mockingbird
blacat1,Black Catbird,Melanoptila glabrirostris,27757,Mimidae,
grycat,Gray Catbird,Dumetella carolinensis,27758,Mimidae,
cubthr,Curve-billed Thrasher,Toxostoma curvirostre,27782,Mimidae,
ocethr1,Ocellated Thrasher,Toxostoma ocellatum,27792,Mimidae,
lobthr,Long-billed Thrasher,Toxostoma longirostre,27798,Mimidae,
benthr,Bendire's Thrasher,Toxostoma bendirei,27804,Mimidae,
grathr1,Gray Thrasher,Toxostoma cinereum,27809,Mimidae,
calthr,California Thrasher,Toxostoma redivivum,27812,Mimidae,
lecthr,LeConte's Thrasher,Toxostoma lecontei,27815,Mimidae,
crithr,Crissal Thrasher,Toxostoma crissale,27820,Mimidae,
sagthr,Sage Thrasher,Oreoscoptes montanus,27827,Mimidae,
tromoc,Tropical Mockingbird,Mimus gilvus,27857,Mimidae,
normoc,Northern Mockingbird,Mimus polyglottos,27870,Mimidae,
easblu,Eastern Bluebird,Sialia sialis,27881,Turdidae,
wesblu,Western Bluebird,Sialia mexicana,27891,Turdidae,
moublu,Mountain Bluebird,Sialia currucoides,27899,Turdidae,
towsol,Townsend's Solitaire,Myadestes townsendi,27918,Turdidae,
brbsol1,Brown-backed Solitaire,Myadestes occidentalis,27921,Turdidae,
slcsol1,Slate-colored Solitaire,Myadestes unicolor,27938,Turdidae,slate-colored-solitaire
varthr,Varied Thrush,Ixoreus naevius,28003,Turdidae,
obnthr1,Orange-billed Nightingale-Thrush,Catharus aurantiirostris,28010,Turdidae,
runthr1,Russet Nightingale-Thrush,Catharus occidentalis,28037,Turdidae,
rcnthr1,Ruddy-capped Nightingale-Thrush,Catharus frantzii,28042,Turdidae,ruddy-capped-nightingale-thrush
bhnthr1,Black-headed Nightingale-Thrush,Catharus mexicanus,28051,Turdidae,black-headed-nightingale-thrush
spnthr1,Yellow-throated Nightingale-Thrush,Catharus dryas,28055,Turdidae,yellow-throated-nightingale-thrush
veery,Veery,Catharus fuscescens,28061,Turdidae,
gycthr,Gray-cheeked Thrush,Catharus minimus,28066,Turdidae,
swathr,Swainson's Thrush,Catharus ustulatus,28072,Turdidae,
herthr,Hermit Thrush,Catharus guttatus,28081,Turdidae,
woothr,Wood Thrush,Hylocichla mustelina,28095,Turdidae,
aztthr,Aztec Thrush,Ridgwayia pinicola,28103,Turdidae,
mourob1,Mountain Thrush,Turdus plebejus,28214,Turdidae,mountain-thrush
whtrob1,White-throated Thrush,Turdus assimilis,28258,Turdidae,
clcrob,Clay-colored Thrush,Turdus grayi,28294,Turdidae,
blarob1,Black Thrush,Turdus infuscatus,28311,Turdidae,black-thrush
amerob,American Robin,Turdus migratorius,28313,Turdidae,
rubrob,Rufous-backed Robin,Turdus rufopalliatus,28323,Turdidae,
rucrob1,Rufous-collared Robin,Turdus rufitorques,28326,Turdidae,rufous-collared-robin
cedwax,Cedar Waxwing,Bombycilla cedrorum,29618,Bombycillidae,
grsfly1,Gray Silky-flycatcher,Ptiliogonys cinereus,29632,Ptiliogonatidae,
phaino,Phainopepla,Phainopepla nitens,29638,Ptiliogonatidae,
oliwar,Olive Warbler,Peucedramus taeniatus,30421,Peucedramidae,
nutman,Scaly-breasted Munia,Lonchura punctulata,30801,Estrildidae,
trimun,Tricolored Munia,Lonchura malacca,30839,Estrildidae,
houspa,House Sparrow,Passer domesticus,31261,Passeridae,
retpip,Red-throated Pipit,Anthus cervinus,31592,Motacillidae,
amepip,American Pipit,Anthus rubescens,31605,Motacillidae,
sprpip,Sprague's Pipit,Anthus spragueii,31611,Motacillidae,
eleeup1,Elegant Euphonia,Chlorophonia elegantissima,31699,Fringillidae,elegant-euphonia
blcchl1,Blue-crowned Chlorophonia,Chlorophonia occipitalis,31720,Fringillidae,blue-crowned-chlorophonia
screup3,West Mexican Euphonia,Euphonia godmani,31735,Fringillidae,
screup1,Scrub Euphonia,Euphonia affinis,31736,Fringillidae,
whveup1,White-vented Euphonia,Euphonia minuta,31743,Fringillidae,
yeteup1,Yellow-throated Euphonia,Euphonia hirundinacea,31751,Fringillidae,
olbeup1,Olive-backed Euphonia,Euphonia gouldi,31763,Fringillidae,
hoogro1,Hooded Grosbeak,Coccothraustes abeillei,31801,Fringillidae,
evegro,Evening Grosbeak,Coccothraustes vespertinus,31806,Fringillidae,
houfin,House Finch,Haemorhous mexicanus,32034,Fringillidae,
casfin,Cassin's Finch,Haemorhous cassinii,32053,Fringillidae,
redcro,Red Crossbill,Loxia curvirostra,32220,Fringillidae,red-crossbill
pinsis,Pine Siskin,Spinus pinus,32316,Fringillidae,pine-siskin
blcsis1,Black-capped Siskin,Spinus atriceps,32323,Fringillidae,black-capped-siskin
blhsis1,Black-headed Siskin,Spinus notatus,32325,Fringillidae,
lesgol,Lesser Goldfinch,Spinus psaltria,32330,Fringillidae,
lawgol,Lawrence's Goldfinch,Spinus lawrencei,32337,Fringillidae,
amegfi,American Goldfinch,Spinus tristis,32338,Fringillidae,
laplon,Lapland Longspur,Calcarius lapponicus,32384,Calcariidae,
chclon,Chestnut-collared Longspur,Calcarius ornatus,32388,Calcariidae,
mcclon,Thick-billed Longspur,Rhynchophanes mccownii,32390,Calcariidae,
rottan2,Rosy Thrush-Tanager,Rhodinocichla rosea,32402,Rhodinocichlidae,
cobtan1,Common Chlorospingus,Chlorospingus flavopectus,32585,Passerellidae,
ruwspa,Rufous-winged Sparrow,Peucaea carpalis,32628,Passerellidae,
citspa1,Cinnamon-tailed Sparrow,Peucaea sumichrasti,32632,Passerellidae,cinnamon-tailed-sparrow
sthspa1,Stripe-headed Sparrow,Peucaea ruficauda,32633,Passerellidae,stripe-headed-sparrow
blcspa1,Black-chested Sparrow,Peucaea humeralis,32640,Passerellidae,
brispa1,Bridled Sparrow,Peucaea mystacalis,32641,Passerellidae,
botspa,Botteri's Sparrow,Peucaea botterii,32642,Passerellidae,
casspa,Cassin's Sparrow,Peucaea cassinii,32654,Passerellidae,
graspa,Grasshopper Sparrow,Ammodramus savannarum,32661,Passerellidae,
olispa,Olive Sparrow,Arremonops rufivirgatus,32684,Passerellidae,olive-sparrow
grbspa1,Green-backed Sparrow,Arremonops chloronotus,32696,Passerellidae,green-backed-sparrow
chispa,Chipping Sparrow,Spizella passerina,32708,Passerellidae,
clcspa,Clay-colored Sparrow,Spizella pallida,32714,Passerellidae,
bkcspa,Black-chinned Sparrow,Spizella atrogularis,32716,Passerellidae,
fiespa,Field Sparrow,Spizella pusilla,32720,Passerellidae,
brespa,Brewer's Sparrow,Spizella breweri,32725,Passerellidae,
worspa,Worthen's Sparrow,Spizella wortheni,32731,Passerellidae,
fisspa,Five-striped Sparrow,Amphispizopsis quinquestriata,32733,Passerellidae,
bktspa,Black-throated Sparrow,Amphispiza bilineata,32736,Passerellidae,
larspa,Lark Sparrow,Chondestes grammacus,32747,Passerellidae,
larbun,Lark Bunting,Calamospiza melanocorys,32750,Passerellidae,
orbspa1,Orange-billed Sparrow,Arremon aurantiirostris,32769,Passerellidae,
gsbfin1,Green-striped Brushfinch,Arremon virenticeps,32796,Passerellidae,
ccbfin,Chestnut-capped Brushfinch,Arremon brunneinucha,32799,Passerellidae,
foxspa,Fox Sparrow,Passerella iliaca,32817,Passerellidae,
daejun,Dark-eyed Junco,Junco hyemalis,32842,Passerellidae,
daejun2,Guadalupe Junco,Junco insularis,32865,Passerellidae,
yeejun,Yellow-eyed Junco,Junco phaeonotus,32866,Passerellidae,
yeejun2,Baird's Junco,Junco bairdi,32874,Passerellidae,
rucspa1,Rufous-collared Sparrow,Zonotrichia capensis,32876,Passerellidae,
whcspa,White-crowned Sparrow,Zonotrichia leucophrys,32905,Passerellidae,
gocspa,Golden-crowned Sparrow,Zonotrichia atricapilla,32914,Passerellidae,
whtspa,White-throated Sparrow,Zonotrichia albicollis,32919,Passerellidae,
sagspa1,Sagebrush Sparrow,Artemisiospiza nevadensis,32925,Passerellidae,
belspa2,Bell's Sparrow,Artemisiospiza belli,32926,Passerellidae,
strspa1,Striped Sparrow,Oriturus superciliosus,32932,Passerellidae,
vesspa,Vesper Sparrow,Pooecetes gramineus,32935,Passerellidae,
nstspa,Nelson's Sparrow,Ammospiza nelsoni,32950,Passerellidae,
savspa,Savannah Sparrow,Passerculus sandwichensis,32962,Passerellidae,
baispa,Baird's Sparrow,Centronyx bairdii,32988,Passerellidae,
simspa1,Sierra Madre Sparrow,Xenospiza baileyi,32994,Passerellidae,
sonspa,Song Sparrow,Melospiza melodia,32995,Passerellidae,
linspa,Lincoln's Sparrow,Melospiza lincolnii,33028,Passerellidae,
swaspa,Swamp Sparrow,Melospiza georgiana,33033,Passerellidae,
rcgspa1,Rusty-crowned Ground-Sparrow,Melozone kieneri,33044,Passerellidae,gray-crowned-ground-sparrow
cantow,Canyon Towhee,Melozone fusca,33048,Passerellidae,
whttow1,White-throated Towhee,Melozone albicollis,33059,Passerellidae,
abetow,Abert's Towhee,Melozone aberti,33062,Passerellidae,
caltow,California Towhee,Melozone crissalis,33068,Passerellidae,
wegspa1,White-eared Ground-Sparrow,Melozone leucotis,33078,Passerellidae,
pregrs1,White-faced Ground-Sparrow,Melozone biarcuata,33083,Passerellidae,white-faced-ground-sparrow
russpa1,Rusty Sparrow,Aimophila rufescens,33085,Passerellidae,
rucspa,Rufous-crowned Sparrow,Aimophila ruficeps,33093,Passerellidae,
oaxspa1,Oaxaca Sparrow,Aimophila notosticta,33106,Passerellidae,
gnttow,Green-tailed Towhee,Pipilo chlorurus,33107,Passerellidae,
spotow,Spotted Towhee,Pipilo maculatus,33108,Passerellidae,
coltow1,Collared Towhee,Pipilo ocai,33146,Passerellidae,
rcbfin1,Rufous-capped Brushfinch,Atlapetes pileatus,33154,Passerellidae,
wnbfin1,White-naped Brushfinch,Atlapetes albinucha,33157,Passerellidae,white-naped-brushfinch
wesspi,Western Spindalis,Spindalis zena,33262,Spindalidae,
yebcha,Yellow-breasted Chat,Icteria virens,33281,Icteriidae,
yehbla,Yellow-headed Blackbird,Xanthocephalus xanthocephalus,33285,Icteridae,
boboli,Bobolink,Dolichonyx oryzivorus,33286,Icteridae,
wesmea,Western Meadowlark,Sturnella neglecta,33287,Icteridae,
easmea,Eastern Meadowlark,Sturnella magna,33290,Icteridae,
lilmea2,Chihuahuan Meadowlark,Sturnella lilianae,33309,Icteridae,
yebcac1,Yellow-billed Cacique,Amblycercus holosericeus,33329,Icteridae,
yewcac1,Yellow-winged Cacique,Cassiculus melanicterus,33334,Icteridae,yellow-winged-cacique
chhoro1,Chestnut-headed Oropendola,Psarocolius wagleri,33351,Icteridae,
monoro1,Montezuma Oropendola,Psarocolius montezuma,33354,Icteridae,montezuma-oropendola
bkvori,Black-vented Oriole,Icterus wagleri,33394,Icteridae,
bawori1,Bar-winged Oriole,Icterus maculialatus,33397,Icteridae,bar-winged-oriole
bkcori,Black-cowled Oriole,Icterus prosthemelas,33398,Icteridae,
orcori,Orchard Oriole,Icterus spurius,33401,Icteridae,
hooori,Hooded Oriole,Icterus cucullatus,33404,Icteridae,
yebori1,Yellow-backed Oriole,Icterus chrysater,33416,Icteridae,
yetori1,Yellow-tailed Oriole,Icterus mesomelas,33423,Icteridae,
stbori,Streak-backed Oriole,Icterus pustulatus,33448,Icteridae,
bulori,Bullock's Oriole,Icterus bullockii,33460,Icteridae,
oraori1,Orange Oriole,Icterus auratus,33463,Icteridae,
spbori,Spot-breasted Oriole,Icterus pectoralis,33473,Icteridae,
altori,Altamira Oriole,Icterus gularis,33476,Icteridae,
audori,Audubon's Oriole,Icterus graduacauda,33483,Icteridae,
balori,Baltimore Oriole,Icterus galbula,33491,Icteridae,
blbori1,Black-backed Oriole,Icterus abeillei,33494,Icteridae,
scoori,Scott's Oriole,Icterus parisorum,33497,Icteridae,
rewbla,Red-winged Blackbird,Agelaius phoeniceus,33500,Icteridae,
tribla,Tricolored Blackbird,Agelaius tricolor,33530,Icteridae,
shicow,Shiny Cowbird,Molothrus bonariensis,33540,Icteridae,
brocow,Bronzed Cowbird,Molothrus aeneus,33549,Icteridae,
bnhcow,Brown-headed Cowbird,Molothrus ater,33556,Icteridae,
giacow,Giant Cowbird,Molothrus oryzivorus,33563,Icteridae,
melbla1,Melodious Blackbird,Dives dives,33566,Icteridae,
brebla,Brewer's Blackbird,Euphagus cyanocephalus,33574,Icteridae,
comgra,Common Grackle,Quiscalus quiscula,33576,Icteridae,
grtgra,Great-tailed Grackle,Quiscalus mexicanus,33587,Icteridae,
ovenbi1,Ovenbird,Seiurus aurocapilla,33669,Parulidae,
woewar1,Worm-eating Warbler,Helmitheros vermivorum,33673,Parulidae,
louwat,Louisiana Waterthrush,Parkesia motacilla,33675,Parulidae,
norwat,Northern Waterthrush,Parkesia noveboracensis,33676,Parulidae,
gowwar,Golden-winged Warbler,Vermivora chrysoptera,33679,Parulidae,
buwwar,Blue-winged Warbler,Vermivora cyanoptera,33680,Parulidae,
bawwar,Black-and-white Warbler,Mniotilta varia,33685,Parulidae,
prowar,Prothonotary Warbler,Protonotaria citrea,33686,Parulidae,
swawar,Swainson's Warbler,Limnothlypis swainsonii,33687,Parulidae,
crcwar,Crescent-chested Warbler,Oreothlypis superciliosa,33688,Parulidae,
tenwar,Tennessee Warbler,Leiothlypis peregrina,33695,Parulidae,
orcwar,Orange-crowned Warbler,Leiothlypis celata,33696,Parulidae,
colwar,Colima Warbler,Leiothlypis crissalis,33702,Parulidae,
lucwar,Lucy's Warbler,Leiothlypis luciae,33703,Parulidae,
naswar,Nashville Warbler,Leiothlypis ruficapilla,33704,Parulidae,
virwar,Virginia's Warbler,Leiothlypis virginiae,33709,Parulidae,
gycyel,Gray-crowned Yellowthroat,Geothlypis poliocephala,33715,Parulidae,
macwar,MacGillivray's Warbler,Geothlypis tolmiei,33728,Parulidae,
mouwar,Mourning Warbler,Geothlypis philadelphia,33729,Parulidae,
kenwar,Kentucky Warbler,Geothlypis formosa,33734,Parulidae,
blpyel1,Black-polled Yellowthroat,Geothlypis speciosa,33740,Parulidae,
belyel1,Belding's Yellowthroat,Geothlypis beldingi,33741,Parulidae,
altyel1,Altamira Yellowthroat,Geothlypis flavovelata,33748,Parulidae,
comyel,Common Yellowthroat,Geothlypis trichas,33749,Parulidae,
hooyel1,Hooded Yellowthroat,Geothlypis nelsoni,33770,Parulidae,
hoowar,Hooded Warbler,Setophaga citrina,33778,Parulidae,
amered,American Redstart,Setophaga ruticilla,33779,Parulidae,
camwar,Cape May Warbler,Setophaga tigrina,33781,Parulidae,
cerwar,Cerulean Warbler,Setophaga cerulea,33782,Parulidae,
norpar,Northern Parula,Setophaga americana,33784,Parulidae,
tropar,Tropical Parula,Setophaga pitiayumi,33787,Parulidae,
magwar,Magnolia Warbler,Setophaga magnolia,33800,Parulidae,
babwar,Bay-breasted Warbler,Setophaga castanea,33804,Parulidae,
bkbwar,Blackburnian Warbler,Setophaga fusca,33805,Parulidae,
yelwar,Yellow Warbler,Setophaga petechia,33807,Parulidae,
chswar,Chestnut-sided Warbler,Setophaga pensylvanica,33849,Parulidae,
bkpwar,Blackpoll Warbler,Setophaga striata,33853,Parulidae,
btbwar,Black-throated Blue Warbler,Setophaga caerulescens,33856,Parulidae,
palwar,Palm Warbler,Setophaga palmarum,33863,Parulidae,
pinwar,Pine Warbler,Setophaga pinus,33868,Parulidae,
yerwar,Yellow-rumped Warbler,Setophaga coronata,33874,Parulidae,
yetwar,Yellow-throated Warbler,Setophaga dominica,33883,Parulidae,
prawar,Prairie Warbler,Setophaga discolor,33896,Parulidae,
grawar,Grace's Warbler,Setophaga graciae,33904,Parulidae,graces-warbler
btywar,Black-throated Gray Warbler,Setophaga nigrescens,33910,Parulidae,
towwar,Townsend's Warbler,Setophaga townsendi,33916,Parulidae,
herwar,Hermit Warbler,Setophaga occidentalis,33920,Parulidae,
gchwar,Golden-cheeked Warbler,Setophaga chrysoparia,33927,Parulidae,golden-cheeked-warbler
btnwar,Black-throated Green Warbler,Setophaga virens,33928,Parulidae,
fatwar,Fan-tailed Warbler,Basileuterus lachrymosus,33934,Parulidae,fan-tailed-warbler
rucwar,Rufous-capped Warbler,Basileuterus rufifrons,33935,Parulidae,
rucwar4,Chestnut-capped Warbler,Basileuterus delattrii,33943,Parulidae,
gobwar1,Golden-browed Warbler,Basileuterus belli,33954,Parulidae,golden-browed-warbler
gcrwar,Golden-crowned Warbler,Basileuterus culicivorus,33960,Parulidae,
canwar,Canada Warbler,Cardellina canadensis,34054,Parulidae,
wlswar,Wilson's Warbler,Cardellina pusilla,34055,Parulidae,
refwar,Red-faced Warbler,Cardellina rubrifrons,34059,Parulidae,red-faced-warbler
redwar1,Red Warbler,Cardellina rubra,34060,Parulidae,
pihwar1,Pink-headed Warbler,Cardellina versicolor,34065,Parulidae,pink-headed-warbler
paired,Painted Redstart,Myioborus pictus,34066,Parulidae,
sltred,Slate-throated Redstart,Myioborus miniatus,34069,Parulidae,
rottan1,Rose-throated Tanager,Piranga roseogularis,34118,Cardinalidae,
heptan,Hepatic Tanager,Piranga flava,34122,Cardinalidae,
sumtan,Summer Tanager,Piranga rubra,34141,Cardinalidae,
scatan,Scarlet Tanager,Piranga olivacea,34145,Cardinalidae,
westan,Western Tanager,Piranga ludoviciana,34148,Cardinalidae,
flctan,Flame-colored Tanager,Piranga bidentata,34151,Cardinalidae,flame-colored-tanager
whwtan1,White-winged Tanager,Piranga leucoptera,34158,Cardinalidae,
rehtan1,Red-headed Tanager,Piranga erythrocephala,34163,Cardinalidae,
rcatan1,Red-crowned Ant-Tanager,Habia rubica,34168,Cardinalidae,
rtatan1,Red-throated Ant-Tanager,Driophlox fuscicauda,34190,Cardinalidae,
crcgro,Crimson-collared Grosbeak,Periporphyrus celaeno,34213,Cardinalidae,
blfgro1,Black-faced Grosbeak,Caryothraustes poliogaster,34215,Cardinalidae,
norcar,Northern Cardinal,Cardinalis cardinalis,34224,Cardinalidae,
pyrrhu,Pyrrhuloxia,Cardinalis sinuatus,34244,Cardinalidae,
yelgro,Yellow Grosbeak,Pheucticus chrysopeplus,34250,Cardinalidae,yellow-grosbeak
robgro,Rose-breasted Grosbeak,Pheucticus ludovicianus,34266,Cardinalidae,
bkhgro,Black-headed Grosbeak,Pheucticus melanocephalus,34268,Cardinalidae,
rebcha1,Red-breasted Chat,Granatellus venustus,34274,Cardinalidae,red-breasted-chat
grtcha1,Gray-throated Chat,Granatellus sallaei,34277,Cardinalidae,gray-throated-chat
blusee1,Blue Seedeater,Amaurospiza concolor,34283,Cardinalidae,blue-seedeater
bubgro1,Blue-black Grosbeak,Cyanoloxia cyanoides,34290,Cardinalidae,
blubun,Blue Bunting,Cyanocompsa parellina,34303,Cardinalidae,
blugrb1,Blue Grosbeak,Passerina caerulea,34308,Cardinalidae,
lazbun,Lazuli Bunting,Passerina amoena,34316,Cardinalidae,
indbun,Indigo Bunting,Passerina cyanea,34317,Cardinalidae,
robbun1,Rose-bellied Bunting,Passerina rositae,34321,Cardinalidae,rose-bellied-bunting
orbbun1,Orange-breasted Bunting,Passerina leclancherii,34322,Cardinalidae,orange-breasted-bunting
varbun,Varied Bunting,Passerina versicolor,34325,Cardinalidae,
paibun,Painted Bunting,Passerina ciris,34331,Cardinalidae,
dickci,Dickcissel,Spiza americana,34337,Cardinalidae,
grhtan1,Gray-headed Tanager,Eucometis penicillata,34448,Thraupidae,
btstan1,Black-throated Shrike-Tanager,Lanio aurantius,34495,Thraupidae,
crctan1,Crimson-collared Tanager,Ramphocelus sanguinolentus,34502,Thraupidae,
y00599,Scarlet-rumped Tanager,Ramphocelus passerinii,34509,Thraupidae,
bugtan,Blue-gray Tanager,Thraupis episcopus,34644,Thraupidae,
yewtan1,Yellow-winged Tanager,Thraupis abbas,34667,Thraupidae,
azrtan1,Azure-rumped Tanager,Poecilostreptus cabanisi,34703,Thraupidae,azure-rumped-tanager
gohtan1,Golden-hooded Tanager,Stilpnia larvata,34734,Thraupidae,golden-hooded-tanager
shihon1,Shining Honeycreeper,Cyanerpes lucidus,34878,Thraupidae,
relhon1,Red-legged Honeycreeper,Cyanerpes cyaneus,34887,Thraupidae,
grehon1,Green Honeycreeper,Chlorophanes spiza,34901,Thraupidae,
cibflo1,Cinnamon-bellied Flowerpiercer,Diglossa baritula,35019,Thraupidae,cinnamon-bellied-flowerpiercer
gryfin1,Grassland Yellow-Finch,Sicalis luteola,35194,Thraupidae,
blbgra1,Blue-black Grassquit,Volatinia jacarina,35222,Thraupidae,
rubsee1,Ruddy-breasted Seedeater,Sporophila minuta,35243,Thraupidae,
tbsfin1,Thick-billed Seed-Finch,Sporophila funerea,35258,Thraupidae,
varsee3,Variable Seedeater,Sporophila corvina,35272,Thraupidae,
whcsee1,Morelet's Seedeater,Sporophila morelleti,35287,Thraupidae,
whcsee2,Cinnamon-rumped Seedeater,Sporophila torqueola,35290,Thraupidae,
banana,Bananaquit,Coereba flaveola,35357,Thraupidae,
yefgra1,Yellow-faced Grassquit,Tiaris olivaceus,35404,Thraupidae,
butsal1,Buff-throated Saltator,Saltator maximus,35494,Thraupidae,
blhsal1,Black-headed Saltator,Saltator atriceps,35503,Thraupidae,
grasal2,Cinnamon-bellied Saltator,Saltator grandis,35517,Thraupidae,
